lead_id,source,industry,engagement_score,time_spent,converted
1,Website,Healthcare,46,34.50024454103329,1
2,Referral,Tech,11,10.046684432952823,0
3,Advertisement,Finance,61,26.791384223654063,0
4,Website,Finance,79,4.8338224823359806,0
5,Website,Finance,87,22.518546812909257,0
6,Referral,Finance,82,37.80816644476231,0
7,Advertisement,Retail,7,17.378576211949103,0
8,Advertisement,Finance,94,33.2455862243609,0
9,Website,Retail,20,39.77249803948646,0
10,Social Media,Retail,80,46.358890973972635,0
11,Website,Finance,86,11.732104092772676,0
12,Website,Finance,79,19.965795790465407,1
13,Website,Healthcare,69,7.620800666520871,0
14,Website,Tech,71,49.62417510791876,1
15,Referral,Finance,24,46.35004839621477,0
16,Advertisement,Healthcare,81,26.99785651402798,0
17,Referral,Healthcare,88,42.10166471882106,0
18,Referral,Tech,11,26.04789886360211,0
19,Referral,Retail,14,31.179284400137984,0
20,Website,Finance,58,4.456221605800831,0
21,Social Media,Tech,25,37.763521024840394,0
22,Advertisement,Finance,25,6.3856741817617415,1
23,Social Media,Healthcare,46,41.303381512626416,0
24,Referral,Healthcare,31,39.101404383519295,0
25,Referral,Retail,9,35.43723488714882,0
26,Social Media,Healthcare,15,1.8080190262381057,0
27,Social Media,Healthcare,70,15.15641779726643,0
28,Social Media,Tech,16,13.155628495542143,0
29,Referral,Finance,22,18.006820373575955,0
30,Referral,Finance,25,4.382137338191927,0
31,Advertisement,Tech,84,46.84789115155314,0
32,Advertisement,Retail,85,27.690112035618814,1
33,Referral,Finance,6,15.276215532901178,1
34,Social Media,Healthcare,13,19.849075853714172,0
35,Social Media,Finance,78,22.360127025241784,0
36,Advertisement,Healthcare,6,30.029716668030865,0
37,Referral,Retail,8,25.783971384824888,1
38,Advertisement,Tech,47,45.96959866072087,0
39,Advertisement,Finance,71,24.848174145291512,0
40,Website,Tech,58,49.607900741165636,0
41,Website,Finance,86,42.571247887254785,0
42,Website,Healthcare,92,10.42552571786679,0
43,Social Media,Tech,81,46.52976073219581,0
44,Referral,Finance,94,5.818319894273804,0
45,Referral,Healthcare,93,40.87248542455958,0
46,Referral,Tech,38,19.031164673829004,0
47,Referral,Tech,98,43.898716022253474,0
48,Website,Finance,17,43.40283450537252,0
49,Social Media,Finance,58,40.296270005881055,0
50,Social Media,Finance,16,39.50152181535307,1
51,Website,Healthcare,13,15.23395695490204,0
52,Social Media,Finance,30,4.045964152562609,0
53,Website,Tech,23,20.149008938258074,0
54,Referral,Tech,98,8.676225749325434,0
55,Website,Finance,59,34.747554445123086,0
56,Referral,Finance,44,17.304986326889278,0
57,Referral,Retail,97,48.78051004299574,1
58,Advertisement,Tech,2,32.0486038672666,0
59,Website,Healthcare,36,41.124028181718046,0
60,Advertisement,Retail,42,6.6262336370924215,0
61,Website,Finance,39,43.10072411363113,0
62,Website,Finance,89,46.13785952566972,0
63,Advertisement,Tech,54,24.353095940946794,0
64,Advertisement,Finance,86,30.312646887548873,0
65,Website,Healthcare,38,38.24049004514977,0
66,Social Media,Tech,14,8.741931363020628,0
67,Referral,Finance,3,25.12830382317212,0
68,Advertisement,Tech,92,19.933151388615656,0
69,Referral,Finance,85,7.318699608112455,0
70,Social Media,Finance,24,18.376721114576572,1
71,Social Media,Finance,12,3.4086154692746784,0
72,Social Media,Healthcare,81,1.2905953474743492,0
73,Advertisement,Healthcare,32,6.758314457741138,0
74,Social Media,Tech,15,48.15575557945869,0
75,Advertisement,Finance,41,27.476476794750848,0
76,Social Media,Finance,65,48.291108057661,0
77,Referral,Healthcare,54,21.6248939165066,1
78,Referral,Finance,98,15.590806654262979,0
79,Website,Healthcare,41,25.307093142012206,0
80,Referral,Finance,33,21.975584431645505,0
81,Website,Tech,29,5.283234213087196,1
82,Referral,Finance,12,32.04131573451031,0
83,Advertisement,Finance,12,10.80190912547998,0
84,Referral,Retail,17,30.97939774489148,0
85,Website,Healthcare,31,32.51005461990767,0
86,Website,Finance,95,7.601242656432405,0
87,Social Media,Finance,98,3.067481355533408,0
88,Advertisement,Retail,38,39.03807930342199,0
89,Referral,Retail,45,22.99002118846601,0
90,Social Media,Healthcare,28,2.9081897752737893,0
91,Referral,Retail,61,49.74331585848836,0
92,Referral,Tech,92,2.889028049818332,0
93,Social Media,Retail,61,34.75176144292766,1
94,Social Media,Tech,56,49.18394626317068,1
95,Social Media,Healthcare,15,11.959005210796281,0
96,Social Media,Healthcare,55,7.112468434359808,1
97,Social Media,Healthcare,9,6.069246971121444,0
98,Referral,Healthcare,29,15.163757378379778,0
99,Social Media,Healthcare,24,5.052290550532335,0
100,Advertisement,Tech,83,34.6080670847066,0
101,Website,Tech,4,3.1145899065031344,0
102,Social Media,Healthcare,64,25.471106407489486,0
103,Social Media,Retail,93,49.83484269264884,0
104,Referral,Finance,48,40.69851347530094,0
105,Social Media,Healthcare,2,30.760971911550545,0
106,Social Media,Retail,44,15.312681039330583,0
107,Social Media,Finance,13,31.194791814581922,0
108,Referral,Healthcare,29,26.35207319558258,0
109,Social Media,Healthcare,67,21.304169194518575,1
110,Website,Tech,17,6.535518837009974,1
111,Referral,Finance,61,44.330210762023334,0
112,Website,Finance,36,22.489232441066125,1
113,Referral,Retail,24,9.731125591038253,0
114,Social Media,Tech,47,18.38796754386448,1
115,Website,Tech,64,20.70648762644635,0
116,Referral,Tech,52,41.37689477834371,0
117,Advertisement,Tech,78,36.6807190280701,0
118,Social Media,Finance,72,38.46524468206699,0
119,Referral,Finance,14,0.5515632214323607,0
120,Advertisement,Healthcare,48,20.807699908988077,0
121,Referral,Healthcare,87,24.06720758176618,0
122,Advertisement,Tech,67,0.9596138411528343,0
123,Social Media,Tech,11,12.99066043725171,0
124,Website,Tech,58,38.01449115610675,1
125,Advertisement,Healthcare,36,6.8554852864499525,0
126,Referral,Retail,60,26.765506572629583,0
127,Social Media,Retail,42,10.760093600861875,0
128,Advertisement,Healthcare,69,0.6060387321946636,0
129,Referral,Healthcare,38,12.060072879977074,0
130,Referral,Healthcare,55,48.79368774550269,1
131,Referral,Healthcare,62,40.07685559414948,0
132,Advertisement,Healthcare,45,47.97883221605167,0
133,Advertisement,Healthcare,87,24.392702196318123,1
134,Advertisement,Tech,10,5.4868099338751755,0
135,Website,Tech,61,27.397974448684646,0
136,Advertisement,Tech,76,22.718866727998044,0
137,Advertisement,Tech,97,42.2178541369808,0
138,Advertisement,Healthcare,24,4.904129039212229,0
139,Website,Retail,70,24.41205685108891,0
140,Advertisement,Finance,51,7.502433234699213,0
141,Referral,Healthcare,3,16.233796344503,1
142,Advertisement,Finance,58,36.86785386938998,0
143,Referral,Retail,71,23.800906468438328,0
144,Referral,Tech,19,18.794414257288466,0
145,Referral,Retail,92,19.723813928501766,0
146,Website,Healthcare,62,22.97233842029933,0
147,Website,Tech,53,39.25082719185284,0
148,Website,Healthcare,73,44.60423444701172,1
149,Advertisement,Tech,97,47.76673432519642,0
150,Referral,Finance,56,39.34516931276475,0
151,Website,Finance,89,15.770344787400637,0
152,Website,Finance,40,34.40673530432711,0
153,Advertisement,Retail,2,21.880156202769598,0
154,Website,Healthcare,5,12.733531102302559,0
155,Advertisement,Retail,4,42.04357897129613,0
156,Social Media,Finance,4,1.9213174481162498,0
157,Website,Healthcare,53,45.08809960677117,1
158,Social Media,Finance,46,23.073873231236707,1
159,Advertisement,Retail,86,31.86007384041402,0
160,Referral,Retail,48,32.96769611028913,1
161,Website,Retail,8,44.75588703532682,0
162,Advertisement,Finance,98,31.833484108360366,1
163,Referral,Healthcare,19,30.69667923800309,0
164,Referral,Healthcare,60,3.332602028034498,1
165,Social Media,Finance,34,25.920401097260203,1
166,Advertisement,Healthcare,49,7.5084500408520825,0
167,Referral,Finance,81,36.87168843607428,1
168,Website,Healthcare,61,25.611096040633726,0
169,Website,Tech,16,34.01138896041766,0
170,Social Media,Tech,87,2.0836450301192135,0
171,Referral,Retail,2,4.239600802290161,0
172,Advertisement,Tech,31,35.81616940313411,0
173,Website,Tech,98,3.6042167999336683,0
174,Referral,Tech,12,3.56283638826293,1
175,Referral,Finance,88,0.6054237617443725,0
176,Social Media,Tech,72,47.82506991497401,0
177,Website,Tech,67,36.875417972950345,1
178,Website,Retail,13,17.66257042510321,1
179,Advertisement,Tech,97,14.82677906438276,1
180,Website,Tech,10,17.485161487292476,0
181,Advertisement,Healthcare,55,38.732676559059094,1
182,Website,Retail,66,33.068530553520716,0
183,Social Media,Retail,91,9.259778393373397,0
184,Website,Retail,28,8.705466766704218,0
185,Advertisement,Retail,8,4.919782485669866,0
186,Advertisement,Retail,66,33.015135985066905,0
187,Social Media,Retail,24,38.218633111086795,0
188,Website,Finance,97,13.2523214162502,0
189,Website,Tech,75,1.0472480515456406,0
190,Social Media,Retail,41,4.108583373821367,0
191,Website,Tech,8,48.39300174225152,0
192,Website,Tech,78,14.772238873871013,0
193,Advertisement,Finance,39,38.46115739190668,0
194,Website,Retail,24,31.23317844271319,0
195,Website,Healthcare,4,19.096981982644795,0
196,Social Media,Finance,10,10.284363109777756,1
197,Social Media,Healthcare,58,6.069320907970321,0
198,Referral,Tech,97,30.75064840194333,0
199,Advertisement,Tech,87,38.7316890318894,0
200,Website,Finance,78,32.19521267705653,0
201,Website,Finance,37,26.515106662457917,1
202,Referral,Healthcare,71,2.0975611715818134,0
203,Website,Retail,4,48.42443887971919,0
204,Advertisement,Healthcare,47,39.93570958272873,0
205,Referral,Finance,89,14.641101835048238,0
206,Advertisement,Healthcare,17,48.99851646794253,0
207,Referral,Finance,69,30.094079481816106,0
208,Referral,Healthcare,36,29.121132910362324,0
209,Social Media,Finance,59,37.4036589714766,0
210,Advertisement,Finance,47,40.58848940450688,0
211,Website,Finance,76,32.823930366575134,1
212,Website,Retail,27,6.404787318310001,1
213,Advertisement,Healthcare,68,16.91337529972492,0
214,Website,Healthcare,76,46.404182016302485,0
215,Website,Healthcare,80,11.230780592192597,0
216,Advertisement,Finance,39,18.608351191875666,0
217,Referral,Healthcare,44,21.6038441472098,0
218,Advertisement,Healthcare,95,21.970249484722608,1
219,Referral,Finance,61,30.646979124726276,1
220,Website,Tech,92,47.15379188723538,0
221,Website,Finance,57,12.034635591625248,0
222,Website,Healthcare,66,6.075068815045903,0
223,Social Media,Finance,55,9.873524492996866,0
224,Referral,Tech,39,44.34624501046348,0
225,Social Media,Finance,97,32.2905406327603,0
226,Social Media,Healthcare,39,14.295339461958006,0
227,Advertisement,Tech,90,40.797346948430864,0
228,Social Media,Retail,76,43.0684998181718,0
229,Advertisement,Healthcare,32,42.3257169345139,1
230,Advertisement,Tech,5,45.94632668197772,0
231,Social Media,Tech,87,12.612051008668079,0
232,Referral,Retail,18,37.75209643731392,0
233,Referral,Finance,79,23.026974863707,0
234,Referral,Finance,39,42.099927644503076,0
235,Referral,Healthcare,91,36.42453385808066,0
236,Referral,Retail,96,38.82237232498623,1
237,Social Media,Finance,58,32.808091884053574,0
238,Social Media,Retail,58,8.871438473485343,1
239,Website,Finance,47,27.251345944846918,0
240,Referral,Tech,40,49.23348697622541,0
241,Social Media,Finance,12,46.869403324855945,0
242,Website,Retail,44,2.1586867898505835,0
243,Referral,Tech,88,8.240740786471857,0
244,Advertisement,Tech,52,6.586438672728096,0
245,Website,Tech,41,36.29899549926478,0
246,Social Media,Retail,99,40.889266492847256,1
247,Advertisement,Healthcare,62,10.675568315533596,1
248,Advertisement,Healthcare,26,25.29263464759145,1
249,Advertisement,Healthcare,37,42.03515140056,0
250,Website,Retail,59,36.64007723831253,0
251,Social Media,Tech,6,27.111860274592413,0
252,Advertisement,Healthcare,4,29.517384522938645,0
253,Referral,Retail,44,25.418027345813996,0
254,Advertisement,Healthcare,57,14.877422565941028,0
255,Advertisement,Finance,30,28.251099642950805,0
256,Website,Healthcare,22,34.44426510250453,0
257,Website,Healthcare,41,43.666145793040386,1
258,Social Media,Tech,9,31.814567698962403,0
259,Referral,Retail,31,38.0560768521579,0
260,Website,Tech,52,8.00358174772865,0
261,Advertisement,Tech,29,23.077873720989494,1
262,Social Media,Tech,38,0.4665809913546648,0
263,Advertisement,Tech,30,12.333943226081152,0
264,Advertisement,Tech,81,36.32308575565024,1
265,Website,Healthcare,99,49.59049756746817,1
266,Social Media,Tech,1,4.9589049793607956,0
267,Referral,Tech,77,20.074715793064414,0
268,Referral,Retail,76,40.00354843495798,0
269,Website,Finance,92,10.201781731444942,0
270,Website,Healthcare,11,27.75424746511431,0
271,Social Media,Healthcare,38,36.65356480148374,1
272,Referral,Healthcare,65,30.79927251300895,0
273,Referral,Tech,95,9.401236730770806,0
274,Referral,Tech,12,17.769228434286973,0
275,Advertisement,Tech,45,39.18958922426986,0
276,Referral,Retail,26,27.71132570660083,0
277,Advertisement,Finance,16,0.26148067714563683,0
278,Social Media,Tech,94,38.04953800140469,0
279,Advertisement,Finance,97,1.7655677470119535,0
280,Social Media,Retail,59,37.286689136561606,0
281,Referral,Healthcare,63,10.12402800826187,0
282,Referral,Tech,87,47.90367400596901,1
283,Social Media,Finance,34,18.397037565104224,0
284,Website,Finance,69,16.346580816903955,0
285,Social Media,Tech,82,7.444402516622234,0
286,Website,Healthcare,29,15.280210774510744,0
287,Advertisement,Healthcare,70,43.83253809141003,0
288,Advertisement,Healthcare,73,49.81671688136237,0
289,Advertisement,Retail,95,18.415476525342417,1
290,Referral,Finance,97,22.430531547727128,0
291,Advertisement,Finance,62,36.10354691013685,0
292,Website,Finance,27,44.30978902325373,0
293,Advertisement,Retail,59,29.652216709339207,1
294,Social Media,Finance,78,19.576284908891466,0
295,Social Media,Retail,93,20.631092042431188,0
296,Referral,Healthcare,36,34.78090732484034,0
297,Social Media,Tech,92,0.16091318021393408,0
298,Website,Finance,21,30.979466872992035,1
299,Advertisement,Finance,67,17.77465052206787,0
300,Referral,Healthcare,19,39.70986656385421,0
301,Advertisement,Tech,95,4.649531991156608,1
302,Advertisement,Retail,99,29.410113347419525,1
303,Website,Tech,67,24.04864449430619,1
304,Social Media,Healthcare,90,32.11627629526137,0
305,Social Media,Healthcare,63,3.2426797241484175,0
306,Advertisement,Tech,16,28.999189371406565,0
307,Referral,Retail,11,28.074229397976186,0
308,Social Media,Retail,21,28.033004720808545,0
309,Referral,Finance,16,30.17438332982274,0
310,Social Media,Retail,9,33.82339686131811,0
311,Referral,Tech,64,40.249449984038485,0
312,Website,Healthcare,21,13.491036006410717,0
313,Referral,Finance,89,41.2524705090031,0
314,Website,Finance,81,24.91278411317268,1
315,Website,Healthcare,49,3.8529139567165585,0
316,Referral,Retail,13,2.92754646219896,0
317,Website,Healthcare,63,16.71191593480304,0
318,Advertisement,Retail,46,39.24484885557338,0
319,Website,Healthcare,28,35.384046737045786,0
320,Social Media,Tech,75,39.43074823362032,0
321,Referral,Retail,35,25.86345282208047,0
322,Advertisement,Tech,98,22.00994989777453,0
323,Referral,Finance,51,7.372626335314197,0
324,Social Media,Healthcare,75,16.40963768046558,0
325,Social Media,Finance,6,21.700968308693763,1
326,Social Media,Finance,28,4.430021483980862,1
327,Website,Finance,10,11.030597635560563,0
328,Website,Finance,32,29.91126470318694,0
329,Referral,Healthcare,5,36.783155711959495,0
330,Referral,Finance,78,49.91737556964748,1
331,Advertisement,Healthcare,31,46.65566656717788,0
332,Advertisement,Healthcare,50,32.12825997675958,0
333,Referral,Tech,74,21.0624026647036,1
334,Website,Retail,57,31.808868235411637,0
335,Social Media,Retail,86,39.282580904011596,1
336,Referral,Healthcare,25,5.916809546169366,0
337,Advertisement,Tech,97,20.495244484814414,0
338,Website,Healthcare,45,41.99011428178086,0
339,Referral,Healthcare,97,19.1916475966522,1
340,Referral,Healthcare,28,28.593613561359327,1
341,Website,Tech,3,29.38846804310991,0
342,Referral,Retail,80,9.223812656681968,0
343,Website,Tech,98,18.11177208261442,0
344,Social Media,Finance,12,16.725564437096608,1
345,Website,Tech,38,1.3098354266032397,0
346,Website,Tech,14,1.2095881945677622,0
347,Website,Tech,28,41.584852183788676,0
348,Referral,Tech,28,13.65354049864062,0
349,Referral,Retail,74,25.90393831194077,0
350,Website,Finance,31,14.936278679438653,0
351,Referral,Retail,1,47.03396225576702,0
352,Advertisement,Retail,46,12.964837943288687,1
353,Advertisement,Tech,77,21.482840636946754,0
354,Referral,Healthcare,83,43.63651252423009,0
355,Referral,Healthcare,21,42.09667833959043,1
356,Website,Retail,74,9.305070892313866,0
357,Social Media,Retail,26,40.13216548978552,0
358,Referral,Tech,66,22.909344336894634,0
359,Advertisement,Retail,80,24.14844360426776,1
360,Website,Tech,55,6.673998620797189,0
361,Referral,Healthcare,91,4.0300756878562325,1
362,Advertisement,Healthcare,92,36.39696534868826,0
363,Advertisement,Finance,20,24.823057617764988,0
364,Social Media,Healthcare,46,21.84253513075898,0
365,Website,Retail,79,36.475411432619836,1
366,Website,Healthcare,58,38.275644949555485,0
367,Social Media,Tech,83,7.945408383467678,1
368,Social Media,Healthcare,5,30.511257473882065,0
369,Website,Finance,18,6.767704113884276,0
370,Website,Healthcare,56,37.56875430145229,0
371,Referral,Tech,68,32.84775781335698,1
372,Referral,Tech,2,47.8307310541729,0
373,Social Media,Retail,0,3.447900817821059,0
374,Referral,Healthcare,57,2.8527360575627156,0
375,Advertisement,Tech,37,14.109353734660008,1
376,Referral,Finance,14,13.085284186795299,0
377,Referral,Retail,33,12.348939953599992,0
378,Advertisement,Finance,60,45.312729026051834,0
379,Social Media,Healthcare,34,12.477309992475305,0
380,Advertisement,Healthcare,63,13.59748630643155,0
381,Referral,Healthcare,24,37.969913120898184,1
382,Social Media,Retail,23,22.486992122527,1
383,Referral,Tech,11,38.83552784775906,0
384,Advertisement,Retail,17,3.268307878219262,0
385,Advertisement,Finance,14,24.378559683669216,0
386,Referral,Retail,79,1.6806800091641316,0
387,Website,Finance,26,3.132660172767726,0
388,Website,Retail,71,45.321872667220546,0
389,Advertisement,Tech,59,6.962268555879758,0
390,Advertisement,Finance,45,26.621034113760857,0
391,Website,Healthcare,88,20.554780130035326,0
392,Website,Healthcare,16,17.367166312942135,0
393,Referral,Retail,92,44.99166728436362,0
394,Referral,Healthcare,52,1.091169838774475,0
395,Website,Finance,7,33.189484308779456,0
396,Referral,Healthcare,78,48.16972171067752,0
397,Referral,Tech,26,28.008409173092097,0
398,Social Media,Tech,45,46.84112310165459,0
399,Referral,Retail,49,2.6128939643011884,0
400,Advertisement,Finance,70,20.93966595370807,0
401,Referral,Tech,2,13.007889548102558,0
402,Referral,Tech,92,36.54104824903649,1
403,Website,Finance,63,49.064854524862334,0
404,Advertisement,Healthcare,43,12.82650312221239,0
405,Referral,Healthcare,52,32.70873007370373,0
406,Referral,Retail,23,9.904881637987007,0
407,Social Media,Healthcare,59,28.266512728580494,0
408,Referral,Finance,2,23.19662433441681,0
409,Referral,Tech,19,48.60026648157685,0
410,Social Media,Healthcare,45,30.42636363482333,0
411,Website,Retail,14,17.475318604340938,0
412,Referral,Healthcare,24,5.704789244396668,0
413,Social Media,Finance,93,7.562341436746728,1
414,Advertisement,Retail,77,11.265846497561755,0
415,Website,Healthcare,70,12.5483330670149,0
416,Advertisement,Retail,16,42.53080289205689,0
417,Advertisement,Finance,83,28.061139414126245,1
418,Social Media,Tech,99,26.169545568718323,0
419,Referral,Finance,8,5.7384435934608735,0
420,Social Media,Finance,37,43.00698466747175,0
421,Social Media,Finance,47,36.140715160424186,0
422,Social Media,Finance,59,3.383418095000079,0
423,Social Media,Tech,62,35.39175486148844,0
424,Website,Tech,85,27.176910867132303,0
425,Referral,Retail,1,4.086267287338913,0
426,Advertisement,Healthcare,87,22.915032076432823,0
427,Advertisement,Tech,71,24.234814356502348,0
428,Referral,Tech,10,8.288727008163788,0
429,Advertisement,Healthcare,63,47.284907350014116,0
430,Referral,Tech,76,42.49876857403309,0
431,Advertisement,Finance,80,33.451116866455415,1
432,Social Media,Finance,71,23.11477805003036,0
433,Advertisement,Healthcare,20,20.588277079225424,0
434,Referral,Retail,17,32.548673357547706,0
435,Referral,Retail,93,27.271593470345273,1
436,Referral,Healthcare,63,3.113655294094281,0
437,Referral,Healthcare,81,25.625132438516584,0
438,Referral,Finance,94,40.32018086164197,0
439,Website,Retail,37,22.961993879847903,0
440,Website,Tech,31,2.597828877713421,0
441,Advertisement,Finance,10,39.31390996920165,0
442,Referral,Healthcare,44,10.06818910679872,0
443,Advertisement,Retail,88,12.931041744401938,1
444,Referral,Tech,32,8.235317671614794,0
445,Referral,Tech,40,16.51075324357488,0
446,Website,Finance,7,37.83757528443175,0
447,Website,Retail,10,25.96929297519687,0
448,Social Media,Retail,85,10.244063707535627,0
449,Website,Healthcare,50,43.89150390760204,0
450,Social Media,Retail,87,43.97909274757646,0
451,Social Media,Retail,40,43.52892125230034,1
452,Social Media,Finance,16,11.939810569076965,1
453,Social Media,Retail,75,22.561967209049406,0
454,Social Media,Tech,45,49.249482807043755,0
455,Advertisement,Finance,31,38.60062381549952,1
456,Website,Finance,78,1.358371061277991,0
457,Social Media,Healthcare,79,3.2602295630246028,1
458,Referral,Retail,53,23.19656884061664,0
459,Website,Healthcare,85,45.461010293078004,0
460,Website,Tech,91,26.935089897635713,0
461,Social Media,Finance,19,24.890625401714512,0
462,Advertisement,Finance,32,5.273684997831529,0
463,Social Media,Finance,73,32.8390052362147,0
464,Advertisement,Tech,39,41.105158030011275,0
465,Referral,Tech,31,19.021000375378115,0
466,Website,Healthcare,96,38.78059254626638,0
467,Referral,Healthcare,1,48.22383269504058,1
468,Advertisement,Healthcare,96,10.188322956384454,0
469,Advertisement,Retail,32,26.166481559737065,1
470,Referral,Finance,76,14.356897904228777,0
471,Advertisement,Finance,29,39.64272095169197,0
472,Referral,Healthcare,32,28.879668294057875,1
473,Website,Finance,76,31.72912087751519,0
474,Referral,Healthcare,25,39.895707980794704,0
475,Website,Retail,21,19.798523633122745,0
476,Referral,Retail,65,45.75450342035216,0
477,Advertisement,Tech,37,26.651443362307,0
478,Referral,Retail,89,7.8977411417674,1
479,Advertisement,Healthcare,45,34.79495590844012,0
480,Referral,Retail,14,39.66306752191272,0
481,Referral,Tech,97,15.838083853376334,0
482,Social Media,Finance,43,42.85896284993765,0
483,Advertisement,Healthcare,48,45.30716273828832,0
484,Social Media,Finance,74,13.845224368890447,0
485,Advertisement,Tech,60,49.1760736357611,0
486,Social Media,Tech,66,7.035576402437921,0
487,Website,Tech,5,10.100783420124499,0
488,Referral,Finance,8,9.211241961901306,0
489,Advertisement,Finance,5,44.69948550039352,0
490,Advertisement,Finance,72,32.714627616248094,0
491,Referral,Finance,94,7.6052141611136435,1
492,Advertisement,Tech,31,22.016170918417448,0
493,Advertisement,Tech,40,30.764901253490102,0
494,Social Media,Healthcare,75,4.173204249469165,0
495,Advertisement,Healthcare,7,44.12081842036694,0
496,Website,Finance,71,40.180176772076756,0
497,Website,Retail,49,25.26033867883191,0
498,Referral,Retail,91,48.35633076295852,0
499,Advertisement,Tech,61,20.888048963754986,0
500,Referral,Tech,83,49.20551595182489,0
501,Website,Tech,61,33.395999940181355,0
502,Advertisement,Healthcare,6,31.733563662697073,0
503,Advertisement,Healthcare,74,8.29774476478925,0
504,Referral,Tech,83,44.0963879152322,1
505,Website,Tech,79,21.37448439603076,1
506,Advertisement,Tech,3,8.111670289123968,1
507,Referral,Retail,5,0.630375998787952,1
508,Website,Healthcare,57,27.987784181919128,1
509,Referral,Retail,21,26.369981106133817,0
510,Social Media,Retail,25,35.967681118457925,0
511,Advertisement,Tech,2,44.512902650890105,0
512,Social Media,Tech,40,3.9703292321514763,0
513,Website,Finance,59,36.574824517018115,0
514,Social Media,Finance,13,9.370597204879111,0
515,Social Media,Retail,74,42.9088526578582,0
516,Website,Healthcare,81,40.953175693082805,0
517,Referral,Tech,11,27.03968774927722,1
518,Social Media,Tech,86,35.51213993116558,0
519,Referral,Retail,11,15.71750565918742,0
520,Social Media,Finance,12,23.558394946640732,0
521,Referral,Healthcare,24,41.08184488552358,0
522,Website,Finance,44,22.963259858660695,1
523,Social Media,Finance,18,17.88991326627209,0
524,Website,Finance,54,24.710622362514993,0
525,Social Media,Finance,99,41.41246262186092,0
526,Website,Tech,44,16.760402368543637,0
527,Website,Tech,7,8.68807965678719,0
528,Social Media,Finance,92,35.60070101653904,0
529,Social Media,Healthcare,52,41.29891063540409,0
530,Social Media,Retail,54,5.031873926176667,0
531,Advertisement,Healthcare,31,11.993705637797236,0
532,Referral,Healthcare,50,7.098599488049695,1
533,Advertisement,Healthcare,43,17.39707057910833,0
534,Advertisement,Finance,81,22.517548945270633,1
535,Website,Tech,69,37.44131684816532,0
536,Social Media,Healthcare,17,32.557379244083705,0
537,Referral,Finance,82,31.046428373921557,0
538,Website,Healthcare,21,17.61874733048272,0
539,Advertisement,Healthcare,36,42.072377654238,0
540,Social Media,Finance,95,23.564358369908227,0
541,Website,Tech,55,48.95524690075773,0
542,Social Media,Tech,58,31.70710691478684,1
543,Website,Retail,2,6.313237078225137,0
544,Social Media,Finance,27,33.8088781037717,0
545,Advertisement,Retail,73,16.25520077158495,0
546,Referral,Retail,34,34.31635983430487,0
547,Advertisement,Retail,60,3.482057408120287,0
548,Referral,Tech,92,8.74407185879797,0
549,Social Media,Finance,53,42.786862945289315,0
550,Website,Retail,62,11.358977851175744,0
551,Advertisement,Finance,78,41.852056262147,0
552,Referral,Finance,96,13.963804422720521,0
553,Advertisement,Tech,6,32.144095502935386,1
554,Referral,Retail,75,34.70752867549155,1
555,Advertisement,Retail,48,25.632737657252648,0
556,Referral,Finance,93,15.265533834836564,0
557,Referral,Healthcare,84,10.632218818554806,0
558,Social Media,Tech,30,1.659467728121311,0
559,Referral,Tech,57,15.19732006203619,0
560,Social Media,Tech,60,32.65813952656415,0
561,Referral,Tech,23,46.91524092242413,0
562,Website,Retail,19,43.5602241131526,0
563,Website,Retail,36,38.30323882676513,0
564,Website,Healthcare,3,39.42236716266493,1
565,Referral,Tech,91,33.249245173799764,0
566,Social Media,Tech,19,13.01434287830015,0
567,Social Media,Finance,59,45.359751535291494,1
568,Referral,Retail,23,33.5366155952917,1
569,Website,Tech,49,28.022031549021996,0
570,Website,Healthcare,48,5.5494734606740534,0
571,Social Media,Healthcare,50,22.35277719032127,0
572,Website,Retail,95,23.017913560096314,1
573,Advertisement,Healthcare,35,43.228180476133495,1
574,Social Media,Healthcare,97,27.332411009389425,0
575,Website,Retail,99,19.020027448520484,0
576,Social Media,Tech,65,48.840016425532966,0
577,Advertisement,Tech,78,5.536029666315784,0
578,Social Media,Healthcare,33,21.12742141559723,0
579,Social Media,Healthcare,35,2.1012337585702645,1
580,Social Media,Tech,5,36.99520603834652,0
581,Social Media,Retail,38,45.90382760995753,1
582,Advertisement,Healthcare,41,14.001866477524471,1
583,Referral,Finance,57,42.91708383995604,0
584,Social Media,Retail,11,14.610911523094888,0
585,Social Media,Healthcare,2,45.53850808219576,0
586,Website,Healthcare,17,37.6980951798392,0
587,Social Media,Finance,39,40.24533884207193,0
588,Website,Finance,20,0.900327780022725,0
589,Referral,Tech,14,48.1405178537013,0
590,Advertisement,Retail,96,36.33354960351616,0
591,Advertisement,Retail,98,15.237554769306666,0
592,Referral,Tech,25,41.46973324294235,0
593,Advertisement,Retail,7,14.076059920746498,0
594,Referral,Retail,99,43.6376919783064,0
595,Referral,Retail,93,5.6290195205968505,0
596,Referral,Retail,86,35.184298873039786,0
597,Advertisement,Retail,41,27.034923832245518,0
598,Website,Finance,43,4.826723509772041,0
599,Referral,Retail,13,12.094691412941948,0
600,Social Media,Finance,77,0.6202018138657395,0
601,Advertisement,Retail,1,23.438398273225292,1
602,Referral,Tech,36,15.063263038000018,0
603,Referral,Healthcare,68,29.91787421488794,0
604,Social Media,Finance,37,14.86189038543086,0
605,Website,Retail,40,14.995955575349235,0
606,Website,Tech,61,37.15965993658017,0
607,Website,Healthcare,59,2.4071417989176727,0
608,Referral,Finance,13,45.144749759599364,0
609,Referral,Healthcare,88,42.61319371955907,0
610,Referral,Tech,83,33.39023416132033,0
611,Advertisement,Finance,1,29.661078505369215,0
612,Social Media,Healthcare,69,44.615124906982615,0
613,Referral,Retail,16,9.266508976435722,1
614,Social Media,Finance,88,3.9484581095414306,0
615,Social Media,Healthcare,27,11.975508495476905,0
616,Website,Tech,65,39.728913935009516,0
617,Advertisement,Tech,34,1.7335133363241662,0
618,Referral,Finance,4,29.140341754174482,0
619,Website,Healthcare,64,49.77187580956549,0
620,Website,Finance,39,42.78480469187697,0
621,Referral,Finance,75,26.072284452179474,0
622,Social Media,Healthcare,55,3.182045464332117,0
623,Website,Healthcare,35,41.568675719285494,0
624,Social Media,Retail,44,29.94892540886053,1
625,Advertisement,Healthcare,22,5.746649852978342,0
626,Social Media,Tech,46,4.69286424116781,0
627,Advertisement,Finance,30,45.48134097182962,0
628,Social Media,Finance,10,33.46001314690392,0
629,Website,Tech,9,41.46433996583777,0
630,Website,Healthcare,66,43.94894501411336,0
631,Advertisement,Tech,13,28.58861760241611,0
632,Referral,Tech,79,25.872317587752065,0
633,Advertisement,Retail,73,21.521370516049508,0
634,Advertisement,Tech,92,15.847329389555965,0
635,Social Media,Finance,9,21.729798042935588,1
636,Social Media,Tech,75,38.69398278650782,0
637,Advertisement,Finance,93,30.09617155075658,0
638,Website,Finance,0,44.6261644977423,0
639,Social Media,Finance,4,22.169000718959385,0
640,Referral,Healthcare,19,30.3544789359377,0
641,Social Media,Retail,7,31.565377654599438,0
642,Social Media,Finance,42,29.584858115316276,0
643,Referral,Finance,75,35.13168865427582,0
644,Advertisement,Healthcare,0,11.871673418740315,0
645,Referral,Finance,56,25.618188877289533,0
646,Advertisement,Tech,63,5.211240140417384,0
647,Advertisement,Tech,83,19.22556638224063,0
648,Advertisement,Retail,27,24.38335343106322,0
649,Referral,Finance,36,32.611212977273624,0
650,Advertisement,Healthcare,46,47.526552629310174,1
651,Website,Tech,75,30.032553327417794,1
652,Referral,Healthcare,36,37.17969580882799,1
653,Website,Healthcare,48,25.313302974760138,0
654,Advertisement,Tech,43,31.705201568816566,0
655,Social Media,Healthcare,55,3.5466108066886717,0
656,Advertisement,Tech,27,12.719579042092349,0
657,Website,Healthcare,78,18.092654660256933,0
658,Website,Tech,5,23.624667750325678,1
659,Referral,Finance,60,2.282437275119187,1
660,Social Media,Retail,19,7.001204877665884,0
661,Referral,Tech,77,13.84071538956529,0
662,Website,Tech,1,48.576634545052535,0
663,Advertisement,Retail,72,16.567350355152538,1
664,Social Media,Tech,36,24.102052905604125,1
665,Advertisement,Tech,19,9.804885636919646,0
666,Advertisement,Healthcare,25,30.53900355378841,0
667,Social Media,Retail,28,14.034160775798716,1
668,Referral,Finance,0,10.349628921921338,0
669,Advertisement,Tech,34,25.828631422298955,0
670,Website,Retail,69,0.27528995802104106,1
671,Advertisement,Healthcare,58,0.3832016324612664,0
672,Social Media,Finance,68,10.953440455092888,0
673,Social Media,Retail,32,1.836068125041057,0
674,Social Media,Finance,50,5.401287706534569,0
675,Referral,Finance,77,16.94303246693758,1
676,Advertisement,Finance,11,40.12928397899064,0
677,Referral,Tech,19,28.602432168465043,1
678,Referral,Tech,52,25.63338629782082,0
679,Social Media,Healthcare,87,14.674441160406083,0
680,Social Media,Healthcare,42,46.587685971640816,0
681,Referral,Retail,97,19.850752061859584,0
682,Advertisement,Healthcare,88,4.354638339788575,0
683,Website,Finance,49,30.853325805890066,0
684,Referral,Finance,28,5.69191967383007,0
685,Advertisement,Tech,56,17.261157140084606,0
686,Social Media,Finance,38,25.370596935890443,0
687,Social Media,Retail,94,43.71112623425879,0
688,Advertisement,Finance,55,24.677329017005935,0
689,Website,Finance,42,35.11293830158321,0
690,Social Media,Retail,49,49.64084194995352,0
691,Social Media,Healthcare,22,6.574455994899081,0
692,Social Media,Healthcare,43,13.736576275975976,0
693,Advertisement,Retail,37,19.72880377988232,0
694,Referral,Tech,83,21.09140892694157,1
695,Social Media,Finance,22,20.551053763277288,0
696,Referral,Retail,44,45.380550127827746,0
697,Website,Finance,51,35.70163222334282,0
698,Social Media,Tech,79,30.395260704535186,0
699,Social Media,Finance,49,15.468635893139105,0
700,Website,Retail,7,41.189519211064734,0
701,Social Media,Finance,84,47.75302557424945,0
702,Referral,Healthcare,0,41.05991412751133,1
703,Advertisement,Tech,7,0.07825525957364521,0
704,Referral,Tech,28,31.82006850917035,0
705,Advertisement,Tech,95,2.5567690721050362,0
706,Advertisement,Retail,4,12.880361016686093,0
707,Referral,Tech,85,2.9762350173885843,0
708,Referral,Healthcare,46,30.189772647469386,0
709,Referral,Retail,33,34.32949567463034,0
710,Referral,Healthcare,64,5.724381903295256,1
711,Website,Finance,54,19.191944152248976,0
712,Social Media,Finance,89,22.8118254477771,1
713,Advertisement,Finance,42,18.45265108804583,0
714,Referral,Finance,73,6.0512500242596525,0
715,Referral,Healthcare,29,20.94738950937377,0
716,Referral,Retail,81,37.558902390420904,1
717,Website,Retail,16,3.550383226662773,0
718,Referral,Tech,25,4.009000704095173,0
719,Referral,Healthcare,7,17.73856459179921,0
720,Referral,Finance,46,47.08628558094625,0
721,Social Media,Healthcare,75,33.428632336145704,0
722,Website,Tech,90,33.93349783362824,0
723,Referral,Tech,71,18.09599954189325,0
724,Advertisement,Healthcare,88,29.68303956042692,0
725,Advertisement,Healthcare,45,0.5065592013871689,0
726,Advertisement,Healthcare,67,31.80480232047711,0
727,Website,Retail,32,45.66434737881184,0
728,Website,Finance,0,30.62867341724096,1
729,Advertisement,Healthcare,18,43.68492967331725,0
730,Referral,Healthcare,30,36.19865277330469,0
731,Website,Healthcare,79,6.027920820184512,0
732,Advertisement,Tech,13,45.12266536429209,0
733,Advertisement,Tech,52,3.322192217788744,0
734,Referral,Retail,47,26.69837362738819,1
735,Social Media,Finance,68,7.106856189672883,0
736,Website,Retail,89,0.5853305365452033,0
737,Referral,Finance,61,21.10171300638195,0
738,Advertisement,Tech,91,14.752035382707811,0
739,Advertisement,Tech,65,24.30002468988015,0
740,Referral,Tech,63,28.85999433672754,1
741,Website,Retail,69,2.1869536154473677,0
742,Social Media,Healthcare,62,6.150164756187282,0
743,Social Media,Healthcare,72,27.93211982252127,0
744,Advertisement,Tech,32,17.158367658632912,0
745,Website,Healthcare,40,36.4586743774724,0
746,Social Media,Healthcare,88,32.614582429596986,0
747,Website,Retail,47,42.28021814949534,0
748,Website,Finance,12,34.62464133346126,0
749,Advertisement,Tech,72,21.496553869507405,0
750,Social Media,Tech,76,33.64833111972162,1
751,Referral,Retail,30,13.769058712770926,0
752,Advertisement,Retail,74,15.315674938910634,0
753,Social Media,Healthcare,67,39.44925799603966,0
754,Social Media,Tech,97,22.32097582007911,0
755,Social Media,Finance,3,39.919017025917626,0
756,Social Media,Retail,18,41.12111868341392,0
757,Social Media,Finance,69,42.87811688306419,0
758,Website,Finance,97,45.83176179206036,0
759,Advertisement,Tech,81,21.549261025664812,0
760,Website,Tech,12,15.943340916056941,0
761,Referral,Retail,22,29.109937329705694,1
762,Social Media,Tech,82,18.558621171881377,0
763,Advertisement,Tech,74,30.05370834001165,0
764,Social Media,Tech,0,35.27929313219123,0
765,Advertisement,Finance,87,34.42025092460684,0
766,Website,Retail,53,18.727644351006067,0
767,Advertisement,Healthcare,70,8.34301008493764,1
768,Referral,Finance,88,21.526466923110377,1
769,Referral,Tech,84,7.129707204095437,0
770,Advertisement,Finance,14,44.504851759190416,1
771,Advertisement,Tech,64,17.29387303689287,1
772,Advertisement,Tech,75,7.722987361166189,1
773,Advertisement,Finance,70,1.2723879952875439,1
774,Referral,Retail,14,32.29111931432421,0
775,Social Media,Tech,20,31.84511587273716,0
776,Advertisement,Retail,18,17.030208329064582,0
777,Advertisement,Healthcare,59,3.5855944423825505,0
778,Referral,Tech,92,20.4814447447616,1
779,Referral,Retail,88,15.56087475316968,0
780,Website,Retail,32,33.856031986750466,0
781,Advertisement,Healthcare,48,30.288962472634516,1
782,Website,Retail,95,18.229686409877,1
783,Referral,Retail,34,10.894627712749505,1
784,Referral,Healthcare,43,49.40179830777959,0
785,Social Media,Tech,89,22.700081059805743,0
786,Advertisement,Retail,10,34.413711789011856,0
787,Website,Retail,98,7.027648378918039,0
788,Referral,Retail,71,24.27948498296989,0
789,Referral,Finance,77,1.3768359934732743,0
790,Website,Healthcare,73,25.272755895522497,0
791,Social Media,Finance,65,48.200870355885115,0
792,Referral,Healthcare,45,19.210335649290013,0
793,Advertisement,Tech,8,1.9498006287455794,0
794,Referral,Tech,2,1.5477895459671764,0
795,Advertisement,Retail,84,19.399337997343473,0
796,Website,Healthcare,25,8.001246823159702,0
797,Advertisement,Tech,71,1.1676048164092956,0
798,Website,Healthcare,47,37.81068069750884,0
799,Advertisement,Tech,65,22.926150444094535,0
800,Website,Finance,69,14.462238598632727,1
801,Advertisement,Tech,27,45.00415915082404,0
802,Social Media,Finance,92,5.8069480100262805,0
803,Advertisement,Tech,25,47.79594144776596,0
804,Advertisement,Retail,24,15.698335868867641,1
805,Social Media,Finance,11,44.42018361543406,0
806,Referral,Tech,4,30.147143823973078,0
807,Referral,Retail,97,41.33536798707437,1
808,Advertisement,Finance,47,49.20065816052321,0
809,Social Media,Retail,36,14.420271890937286,0
810,Advertisement,Healthcare,78,48.05677427037965,0
811,Website,Healthcare,43,19.47409474512102,0
812,Website,Finance,99,19.275595236846115,0
813,Advertisement,Tech,14,17.019355212725284,0
814,Referral,Finance,42,27.07038036737926,1
815,Referral,Retail,47,7.707252158924355,1
816,Advertisement,Tech,86,27.68557426790056,0
817,Advertisement,Healthcare,69,27.0852406205002,0
818,Website,Tech,45,38.0950906302435,0
819,Referral,Healthcare,42,41.68249809687928,1
820,Advertisement,Tech,20,22.022067515621202,1
821,Website,Tech,22,15.116662467574688,0
822,Referral,Tech,79,12.966744865854723,1
823,Social Media,Retail,46,9.731191835243596,0
824,Website,Retail,14,2.882379109951244,0
825,Referral,Finance,24,17.122398941735668,0
826,Referral,Finance,35,13.512384606539163,0
827,Website,Healthcare,74,48.32086929332037,0
828,Social Media,Retail,50,27.885441312502195,0
829,Website,Healthcare,14,17.363851951525376,0
830,Referral,Finance,67,29.0233800496848,1
831,Advertisement,Healthcare,20,6.959835067284775,0
832,Advertisement,Finance,12,22.202187460110146,0
833,Website,Retail,85,31.31171607105319,0
834,Referral,Tech,18,24.444891589622568,0
835,Advertisement,Retail,33,20.088940032716213,0
836,Referral,Healthcare,77,49.69241944498491,0
837,Website,Healthcare,67,44.01573810744635,0
838,Advertisement,Retail,51,31.170297907972007,0
839,Referral,Retail,26,28.46886805911414,0
840,Advertisement,Finance,28,31.033023991229204,0
841,Website,Healthcare,27,10.065605391121663,0
842,Referral,Healthcare,34,19.75688716321593,0
843,Advertisement,Retail,7,1.972976644544966,0
844,Website,Tech,15,23.777301874341333,1
845,Advertisement,Healthcare,35,27.151229197883158,0
846,Advertisement,Tech,29,11.38748680516048,0
847,Social Media,Retail,17,48.201442358275685,0
848,Social Media,Retail,1,45.4727305468621,0
849,Website,Finance,48,36.107161772795294,0
850,Social Media,Healthcare,76,26.66933143826813,1
851,Website,Tech,3,43.498457982384245,1
852,Social Media,Finance,89,6.532617191173146,1
853,Advertisement,Healthcare,88,39.52548971374425,0
854,Website,Finance,93,6.241040698342415,0
855,Website,Retail,74,39.71053312747027,0
856,Advertisement,Healthcare,6,13.788378412567848,0
857,Website,Finance,94,43.85452905090945,0
858,Website,Finance,73,47.202104691269895,0
859,Social Media,Tech,38,7.439798470255782,1
860,Website,Finance,12,23.133780253269677,0
861,Referral,Healthcare,30,49.049368908134255,0
862,Advertisement,Healthcare,70,24.17037179865733,0
863,Social Media,Tech,62,43.17737612572726,0
864,Social Media,Healthcare,55,29.436576106565994,0
865,Referral,Retail,41,18.766495395980094,0
866,Advertisement,Healthcare,60,14.28917777629351,0
867,Advertisement,Healthcare,41,10.161154554304364,0
868,Social Media,Finance,55,38.08990956888486,1
869,Website,Finance,35,19.327025341151394,1
870,Social Media,Healthcare,83,25.56377311003756,0
871,Advertisement,Tech,67,24.616274000059096,0
872,Referral,Finance,6,28.863951461656562,1
873,Social Media,Tech,53,43.27885728122761,1
874,Advertisement,Healthcare,0,49.03696717917147,0
875,Social Media,Healthcare,43,20.379210428690847,0
876,Website,Retail,44,41.37594610531515,0
877,Social Media,Finance,46,38.22638973273588,1
878,Social Media,Healthcare,12,28.676447572778663,1
879,Advertisement,Retail,21,47.80235718059666,0
880,Advertisement,Finance,20,10.02372577642014,1
881,Advertisement,Healthcare,85,5.46321051548107,0
882,Social Media,Healthcare,91,42.69809834777111,1
883,Website,Finance,8,21.957490831687416,0
884,Referral,Finance,25,42.34844271035303,1
885,Referral,Finance,8,44.654510259770746,0
886,Advertisement,Healthcare,14,3.122879680953572,0
887,Advertisement,Healthcare,9,44.17323814930303,0
888,Social Media,Retail,87,22.415952768471108,1
889,Referral,Tech,41,25.52162445021161,1
890,Advertisement,Finance,71,31.329625554660513,1
891,Website,Healthcare,23,46.31913033650434,1
892,Website,Healthcare,79,0.9558047214882015,0
893,Advertisement,Finance,48,23.842173415890855,0
894,Advertisement,Tech,25,34.38610212152803,0
895,Referral,Finance,90,36.135347884911425,0
896,Referral,Tech,36,34.6266215768554,0
897,Social Media,Healthcare,67,6.721756470406093,0
898,Referral,Tech,49,14.96977941858406,0
899,Website,Retail,23,17.935776270850674,0
900,Website,Healthcare,18,40.22186038397525,0
901,Advertisement,Retail,99,13.937993620727651,0
902,Referral,Finance,59,10.535248193360157,1
903,Social Media,Finance,38,47.87240095190481,0
904,Website,Finance,73,0.443164255673445,1
905,Website,Tech,88,49.89104278409891,0
906,Social Media,Healthcare,17,33.84106494286978,0
907,Social Media,Finance,18,41.423464972455854,0
908,Website,Finance,35,14.730969817309658,0
909,Website,Healthcare,73,0.7157638833529989,0
910,Social Media,Finance,96,36.893475928076505,0
911,Website,Retail,54,41.70722985003379,0
912,Advertisement,Healthcare,68,37.02380659767596,0
913,Advertisement,Healthcare,46,7.142514365041929,0
914,Social Media,Healthcare,48,37.671396112848456,0
915,Referral,Retail,98,38.44613910538205,0
916,Social Media,Healthcare,97,32.92702578350274,0
917,Social Media,Retail,32,38.30579663977931,1
918,Referral,Healthcare,20,42.296071983886605,0
919,Referral,Tech,80,30.680205711872922,0
920,Referral,Finance,21,4.430235698483953,1
921,Advertisement,Tech,47,24.381390483360544,0
922,Website,Finance,36,3.8824667335802534,0
923,Advertisement,Retail,14,20.37715155162154,0
924,Website,Tech,34,20.35532445628138,0
925,Advertisement,Healthcare,91,3.300492207012079,0
926,Website,Finance,70,17.441026698473966,1
927,Advertisement,Finance,31,5.549904939565742,0
928,Referral,Tech,10,40.41176050046111,0
929,Social Media,Retail,9,47.38440129822354,0
930,Advertisement,Tech,72,3.6158237628969303,0
931,Website,Retail,77,47.75576036458507,0
932,Referral,Retail,76,26.12882996683726,0
933,Advertisement,Finance,56,14.978283897693695,0
934,Advertisement,Tech,24,3.8431037638081755,0
935,Referral,Tech,1,25.03121340352089,0
936,Advertisement,Retail,63,39.72577722453743,0
937,Social Media,Tech,34,35.354323863334905,1
938,Advertisement,Healthcare,6,2.511300573198688,0
939,Social Media,Healthcare,84,3.645091768395176,0
940,Social Media,Tech,17,20.143664131631855,0
941,Referral,Tech,66,14.764524702397164,0
942,Advertisement,Retail,41,11.619216152802391,0
943,Referral,Healthcare,38,14.05022494543568,0
944,Advertisement,Healthcare,40,40.17413716484423,0
945,Advertisement,Finance,74,46.461402681592695,1
946,Website,Retail,23,20.255134726378323,0
947,Advertisement,Finance,59,45.30555010662486,0
948,Referral,Healthcare,45,16.0747850623941,1
949,Social Media,Retail,18,23.82184931718958,1
950,Advertisement,Tech,67,11.301449890799987,1
951,Website,Retail,89,32.0238021087922,0
952,Referral,Tech,41,48.94905575874044,0
953,Advertisement,Tech,31,30.17465480216893,0
954,Referral,Retail,38,17.890704205677444,0
955,Website,Tech,35,32.39087229952642,0
956,Website,Finance,96,6.146033923269378,0
957,Referral,Healthcare,35,44.432954013269935,1
958,Advertisement,Tech,2,25.154197538991816,0
959,Social Media,Finance,72,22.467487101982105,1
960,Website,Tech,7,29.29323942267596,0
961,Advertisement,Healthcare,96,31.239193139470125,0
962,Advertisement,Finance,69,3.5887903113256514,0
963,Social Media,Healthcare,40,34.13086106117012,0
964,Website,Healthcare,67,12.096584015776479,0
965,Website,Finance,12,35.69763162532949,0
966,Advertisement,Finance,48,41.12673971920984,1
967,Advertisement,Finance,59,40.197925377626014,0
968,Social Media,Retail,1,27.625048370394456,0
969,Social Media,Finance,59,26.008494615537558,0
970,Website,Finance,4,7.143798066970586,0
971,Referral,Finance,43,38.76730752015678,0
972,Website,Finance,26,13.570469022335718,0
973,Advertisement,Tech,31,24.834771140897328,0
974,Website,Retail,20,14.213704646375835,0
975,Referral,Healthcare,7,6.691418149984657,0
976,Social Media,Finance,71,31.47788484458683,0
977,Referral,Tech,49,2.7166017411451913,0
978,Referral,Tech,66,37.43226170631,0
979,Referral,Tech,43,15.879339763055834,0
980,Social Media,Healthcare,57,0.006734650224266003,0
981,Referral,Finance,2,25.55645696186149,0
982,Referral,Retail,85,2.3425954263801563,1
983,Referral,Retail,69,13.808477891044973,0
984,Advertisement,Tech,1,35.348824372785806,1
985,Referral,Healthcare,86,3.134481081093293,1
986,Social Media,Healthcare,43,41.96692461780012,0
987,Referral,Healthcare,1,0.1909961329291554,0
988,Referral,Retail,80,12.341193460095113,0
989,Social Media,Tech,34,37.04520280760357,0
990,Referral,Finance,97,15.813507486465339,0
991,Social Media,Retail,86,5.094619403300676,0
992,Referral,Tech,29,18.011695940021394,0
993,Social Media,Tech,7,13.519664319226276,1
994,Referral,Finance,21,42.13559510802774,0
995,Referral,Finance,43,15.667395879257157,0
996,Advertisement,Finance,57,39.446623588800364,0
997,Advertisement,Healthcare,35,44.593607240536734,0
998,Referral,Finance,68,21.690870978826478,0
999,Referral,Tech,76,45.4971571927196,1
1000,Website,Finance,92,18.865902698159644,0
