date,spend,engagement,clicks,impressions,spend_rolling,engagement_rolling,ctr
2023-01-01,2498.16047538945,758.5293712157961,96,2875,2498.16047538945,758.5293712157961,3.3391304347826085
2023-01-02,4802.857225639665,628.8770930752963,61,2763,3650.5088505145573,693.7032321455463,2.2077452044878756
2023-01-03,3927.9757672456203,447.62209302906217,111,9712,3742.997822758245,611.6761857733849,1.1429159802306426
2023-01-04,3394.6339367881465,851.0360157655589,129,6797,3655.9068512657204,671.5161432714284,1.8978961306458733
2023-01-05,1624.0745617697462,747.7849380431035,265,8099,3249.5403933665257,686.7699022257634,3.272008889986418
2023-01-06,1623.9780813448106,330.09355147591305,132,6109,2978.6133413629063,627.3238437674551,2.160746439679162
2023-01-07,1232.3344486727979,928.741747595074,57,7644,2729.1449281214623,670.3835443142577,0.7456828885400314
2023-01-08,4464.704583099741,858.0297943385352,272,1116,2946.089884993747,693.8393255672925,24.372759856630825
2023-01-09,3404.4600469728352,959.8399306335392,198,3433,2997.019902991424,723.3949483524309,5.767550247596854
2023-01-10,3832.290311184182,780.575606710688,130,6463,3080.5469438106993,729.1130141882566,2.0114497911186757
2023-01-11,1082.33797718321,690.732156748632,264,1583,2898.8915832082002,725.6238453301089,16.67719519898926
2023-01-12,4879.639408647978,534.5944290324951,278,9586,3063.9539019948484,709.7047273053078,2.9000625912789486
2023-01-13,4329.770563201687,946.1827866832106,167,4788,3161.324414395375,727.8953472574541,3.4878863826232247
2023-01-14,1849.3564427131046,892.8511116003267,257,5167,3067.6124164180696,739.6779018533736,4.973872653377201
2023-01-15,1727.2998688284024,236.17493608495153,247,9465,2978.258246578758,706.1110374688121,2.6096143687268887
2023-01-16,1733.6180394137352,221.0935795978016,249,2389,2900.4682336309443,675.797446351874,10.4227710339054
2023-01-17,2216.968971838151,501.1706935024397,74,9357,2860.2623947019565,665.5252844195543,0.7908517687292936
2023-01-18,3099.0257265289515,848.4426646254664,259,7154,2873.5270242479005,675.6873610976605,3.6203522504892365
2023-01-19,2727.780074568463,989.8209034519556,138,6420,2865.8561321595093,692.2207054320971,2.149532710280374
2023-01-20,2164.9165607921677,320.33351288282256,61,9920,2830.809153591142,673.6263458046334,0.6149193548387097
2023-01-21,3447.411578889518,675.304572281708,192,3043,2860.1711738434456,673.7062613511608,6.309562931317779
2023-01-22,1557.9754426081672,504.7126853048172,108,5197,2800.980458787297,666.024735167236,2.078121993457764
2023-01-23,2168.5785941408726,975.9315182516825,203,4496,2773.4847255418,679.4989431274295,4.515124555160142
2023-01-24,2465.4473731747667,873.695138508567,282,1778,2760.64983585984,687.5904512683101,15.860517435320585
2023-01-25,2824.2799368681435,870.6629637689102,158,1213,2763.195039900172,694.9133517683341,13.025556471558119
2023-01-26,4140.703845572054,574.9545278359763,75,4762,2816.1761478106296,690.2995508478588,1.5749685006299874
2023-01-27,1798.6951286334388,531.8556018701322,96,7731,2778.4916656188816,684.4312564412763,1.2417539774932091
2023-01-28,3056.9377536544466,418.725657544565,81,4117,2788.436168763009,674.9417707663939,1.967452028175856
2023-01-29,3369.6582754481697,245.1003973207417,59,6791,2808.478310372842,660.1196544406816,0.8687969371226623
2023-01-30,1185.8016508799908,891.7779010040425,65,9783,2754.389088389747,667.8415959927937,0.6644178677297352
2023-01-31,3430.1794076057536,850.3208073040621,248,3720,2785.4563861302904,670.9013105290693,6.666666666666667
2023-02-01,1682.0964947491661,999.7741386289044,194,9905,2681.4310284339404,683.2645453808561,1.9586067642604745
2023-02-02,1260.206371941118,997.3094696591243,200,7047,2592.50538192379,701.5874579351915,2.838087129274869
2023-02-03,4795.542149013333,644.345364482102,75,9032,2639.2023223312963,694.6977695590763,0.8303808680248006
2023-02-04,4862.528132298237,815.1899321444084,262,1001,2747.1507746822463,696.9446026957864,26.173826173826175
2023-02-05,4233.589392465845,955.8125839059425,135,7368,2834.1378183862807,717.8019037767875,1.8322475570032575
2023-02-06,2218.4550766934826,879.7179125419292,299,2949,2867.00850598697,716.1677759416827,10.139030179721939
2023-02-07,1390.6884560255355,397.8784813945581,184,7732,2764.5413017511632,700.8293988435502,2.379720641489912
2023-02-08,3736.9321060486277,560.4353082480748,63,8833,2775.6237037203564,687.5159114307012,0.7132344616777991
2023-02-09,2760.6099749584055,303.327532121196,128,1917,2739.901025846164,671.6076422777182,6.677099634846114
2023-02-10,1488.1529393791152,963.2408218069779,166,4174,2753.4281912526944,680.6912644463298,3.9770004791566844
2023-02-11,2980.707640445081,684.939707560704,56,8014,2690.130465645931,685.7027737306033,0.6987771400049912
2023-02-12,1137.5540844608736,382.9142444027702,186,1089,2583.7232496879037,666.9271556545887,17.079889807162534
2023-02-13,4637.281608315128,737.3605475246853,164,2709,2676.6540885413046,661.7441368520673,6.053894425987449
2023-02-14,2035.1199264000677,694.5025923663167,225,4041,2686.914757127027,677.0217253947794,5.56792873051225
2023-02-15,3650.089137415928,486.5301744262724,121,1105,2750.7971270604335,685.8696118890618,10.950226244343892
2023-02-16,2246.8443043576435,290.84607375970324,291,9619,2751.7929714777497,678.8587912309706,3.0252625012995114
2023-02-17,3080.272084711243,737.2585564742396,108,2895,2751.1678500838257,675.1526542925964,3.730569948186528
2023-02-18,3186.841117373119,616.2461607230346,264,7090,2766.4698848439816,662.700162868299,3.7235543018335684
2023-02-19,1739.4178221021082,817.8547133885114,270,9508,2752.2865935543127,679.2842028851553,2.839713925115692
2023-02-20,4878.338511058235,616.1308008895946,131,7082,2799.9841579599365,677.3117438387515,1.849759954815024
2023-02-21,4100.531293444458,881.7452002548321,272,1634,2884.73601965448,689.8794943370854,16.64626682986536
2023-02-22,4757.995766256756,641.5254710195884,271,2925,2971.049925391676,678.7326260960157,9.264957264957264
2023-02-23,4579.309401710596,648.7503772283089,165,3056,3041.511993009537,671.2344673866737,5.399214659685864
2023-02-24,3391.5999152443405,901.3228821266761,216,7917,3060.42265895541,672.2564646652659,2.7283061765820387
2023-02-25,4687.496940092467,522.7862929699177,276,4144,3078.6490954394235,670.5175235030639,6.660231660231661
2023-02-26,1353.970008207678,307.2121827605126,195,1552,3063.824924758565,663.0294095327432,12.564432989690722
2023-02-27,1783.9314496765808,223.02614105067119,236,9907,3021.3913812926357,656.50609231628,2.3821540325022714
2023-02-28,1180.9091556421522,804.1098045388952,283,6383,2948.433077299102,675.1397392235518,4.433651887827041
2023-03-01,2301.3213230530573,696.2476410827717,152,4911,2985.617066371538,668.6220638928428,3.0950926491549584
2023-03-02,2554.709158757928,763.2638144793789,66,4389,2956.4347247432765,665.72016413202,1.5037593984962405
2023-03-03,2085.3961270955833,370.3713292071286,63,9442,2969.878045821491,644.7400704846276,0.6672315187460284
2023-03-04,4314.950036607717,309.0971804694158,208,3430,3071.7028346437105,621.7996608449706,6.0641399416909625
2023-03-05,2427.0133067743573,211.63573253430553,201,1458,2992.751873235745,607.3760064467108,13.786008230452676
2023-03-06,2123.738038749523,480.47004704527757,276,1207,2901.458870117455,596.2186769434064,22.866611433305717
2023-03-07,3170.784332632994,671.9341494837065,157,1899,2866.0320347896923,586.7560624626652,8.267509215376515
2023-03-08,1563.6968998990505,513.7952360797858,237,1021,2844.2067622298787,574.558639913927,23.212536728697355
2023-03-09,4208.787923016159,549.9799376189833,94,9601,2938.1434111295657,579.6286884547412,0.9790646807624206
2023-03-10,1298.2025747190833,923.3269555949987,147,1894,2856.8524267519147,591.7250766996387,7.761351636747624
2023-03-11,4947.54774640207,478.6043736186403,180,1514,2929.750352466703,597.5676380828868,11.889035667107
2023-03-12,4088.9790771866296,611.1915913278486,86,8294,3016.4445570602866,585.8326637335825,1.0368941403424161
2023-03-13,1794.8627261366896,826.9224101929144,220,5904,2976.9163932500073,590.5654204879895,3.7262872628726287
2023-03-14,1022.0884684944097,517.2342258570161,217,8867,2973.067539384458,595.042753203131,2.4472764181797677
2023-03-15,4261.845713819337,697.6693601822988,267,5109,2960.5530095679323,593.7197136250514,5.226071638285379
2023-03-16,3827.4293753904685,889.8909669973962,232,8179,3020.2966578676123,600.2326594460875,2.836532583445409
2023-03-17,3916.028672163949,959.6164989261136,264,2560,3029.161309025879,616.0022035960823,10.3125
2023-03-18,4085.081386743783,317.65878474323034,157,2266,3090.4358784387505,616.8959606288664,6.928508384819064
2023-03-19,1296.1786069363616,941.2701001291955,88,4638,3030.966095846255,623.696345417365,1.8973695558430357
2023-03-20,2433.8629141770907,593.6930344636305,64,9941,3005.8668224063867,622.9445745420514,0.6437984106226737
2023-03-21,1463.476238100519,406.5955106391667,169,4427,2996.668769606334,609.2359344504067,3.817483623221143
2023-03-22,4452.413703502374,567.3086049906091,290,5780,2982.471276021139,607.6085279204405,5.017301038062284
2023-03-23,3493.1925073102316,984.0260602283817,53,2927,2962.2266498166646,611.0178899195587,1.8107277075503927
2023-03-24,2323.592099410597,594.0944751942957,142,3356,2881.079860921793,609.4368567253823,4.231227651966627
2023-03-25,1254.2334011440946,463.0012882300066,263,5790,2770.243994236242,603.2452204254389,4.542314335060449
2023-03-26,2243.929286862649,706.7206834533806,202,1306,2731.9883066235193,596.7584804696625,15.46707503828484
2023-03-27,2300.733288106988,392.11649502255443,190,8979,2652.4295182240035,592.4028205380837,2.1160485577458514
2023-03-28,3918.4247133522563,260.69066248693116,259,4665,2737.9113417288227,590.852103195631,5.551982851018221
2023-03-29,3550.2298854208525,303.10377752851934,210,8057,2796.787956253632,593.5213577448925,2.6064291920069502
2023-03-30,4548.850970305306,302.43667116621793,65,1661,2909.0526834090706,576.7989199658034,3.9133052378085487
2023-03-31,2888.859700647797,321.52215480983546,286,5644,2928.6372959955615,564.3080704233721,5.067328136073707
2023-04-01,1478.3769837532068,311.0617381195281,219,9503,2892.7595568287375,549.2346678780438,2.3045354098705673
2023-04-02,3852.97914889198,712.6997958425717,157,3920,2951.6789908886176,560.6456167658919,4.005102040816326
2023-04-03,4043.14019446759,345.50406751931587,175,9946,2942.61866281728,561.8591796675552,1.7595013070581138
2023-04-04,3245.108790277985,476.53382665909055,243,7236,2969.888512267401,570.6891161383813,3.3582089552238807
2023-04-05,4083.868719818244,917.4307279248095,104,7078,3035.2262016363584,585.2544721676991,1.469341621927098
2023-04-06,2975.182385457563,579.1693122102979,276,1352,3028.706136730511,582.1623109252522,20.414201183431953
2023-04-07,3090.9313175279763,734.0461908168218,219,8005,3079.6139506514746,589.5040094164867,2.73579013116802
2023-04-08,2710.1640734341986,337.85589696130387,83,1158,3029.659822332076,582.4332080612307,7.167530224525043
2023-04-09,1101.6765069763808,353.8312150469366,207,1956,3023.108953407319,563.4500167096286,10.582822085889571
2023-04-10,1431.5657079732177,232.6948930131831,296,3071,2905.9095521263575,555.2530340227801,9.63855421686747
2023-04-11,1125.716742746937,335.14805045773164,62,9595,2807.134140978368,546.0515826604428,0.6461698801459094
2023-04-12,3545.6416450551214,422.8722712255669,190,4453,2865.4934382756487,532.5832446948646,4.266786436110488
2023-04-13,2257.4239243053066,341.6083874213974,67,7675,2906.671286802679,526.729050080344,0.8729641693811074
2023-04-14,3034.282764658811,270.9620270056445,209,1955,2865.752521830661,512.5054723077889,10.690537084398976
2023-04-15,4630.265895704372,296.50869688048067,145,7295,2892.513739174458,492.7260633038916,1.9876627827278959
2023-04-16,1997.1689165955,568.6230144261806,276,2712,2828.5517473221767,479.69294715389384,10.176991150442479
2023-04-17,2641.531692142519,365.066974724634,172,5703,2780.4334241688007,481.27322015327394,3.015956514115378
2023-04-18,4022.2045541721945,491.4158888384604,88,7563,2871.3009557433284,466.2780797769162,1.1635594340870026
2023-04-19,1915.1926619664898,602.7338166838855,95,6631,2854.011947336309,466.579439184258,1.4326647564469914
2023-04-20,1307.919639315172,752.3158629034922,293,2394,2848.826727376797,478.10345092640216,12.238930659983291
2023-04-21,2159.005811655072,231.44971187287916,78,5732,2772.3797976485534,466.90815448914447,1.3607815771109562
2023-04-22,1644.8851490160177,839.5283191272341,239,4714,2710.76955237208,462.0915631191063,5.0700042426813745
2023-04-23,4718.790609370292,702.3203115927263,290,1529,2790.6095027040697,465.6990909990539,18.966644865925442
2023-04-24,4232.481518257668,265.4072255590975,270,3958,2889.884439941189,459.11262224335695,6.821627084386053
2023-04-25,3533.615026041694,898.8628992854218,111,8904,2932.8739645804903,465.5173627710917,1.2466307277628033
2023-04-26,4485.84236075087,936.6979204254505,294,4591,3005.71093366862,483.6700769511882,6.403833587453714
2023-04-27,4214.688307596458,248.862367883891,285,7895,3015.5863868100932,483.27580046442023,3.609879670677644
2023-04-28,1746.2802355441434,421.502118517763,234,1525,2955.4547318142027,487.22241183072833,15.344262295081968
2023-04-29,4570.235993959911,844.9610238344491,65,7477,2956.167565936023,505.3065569196694,0.8693326200347733
2023-04-30,3157.3689676626027,798.6077523069267,233,1001,2965.117874836517,521.2094101695724,23.276723276723278
2023-05-01,4229.7606206562505,347.6168154851018,285,1374,3056.830662733285,522.4279127484249,20.74235807860262
2023-05-02,4584.365199693973,367.4794586693682,288,5648,3081.2101977600178,510.9205681759848,5.099150141643059
2023-05-03,2272.0138998874554,496.3776822331056,170,3365,3022.172654607347,515.9496886664444,5.052005943536404
2023-05-04,1440.207698110707,587.618388152817,59,2525,2962.009284868437,519.652507382902,2.3366336633663365
2023-05-05,1911.7406501677667,694.6038172242368,207,2646,2889.605015880088,512.2249436928829,7.8231292517006805
2023-05-06,2708.431154505025,495.13091165581795,202,1013,2880.71330818167,509.4236636744002,19.94076999012833
2023-05-07,4272.059063689972,570.0277729065183,152,5599,2920.084233053736,503.9563830773901,2.714770494731202
2023-05-08,4442.9223330253735,797.9767505070052,133,3278,2977.8428417067757,519.2937448622467,4.057352043929225
2023-05-09,1027.8085221247627,229.3465623124783,182,4155,2975.3805755450553,515.1442564377649,4.380264741275572
2023-05-10,3042.989210310263,401.9495554752166,114,9321,3029.0946922896237,520.7860785198326,1.2230447376890892
2023-05-11,2669.644012595116,770.6796687076419,271,4814,3080.558934617896,535.303799128163,5.629414208558371
2023-05-12,1888.4312418829209,916.1654701497595,226,4216,3025.318587845489,551.7469057589694,5.3605313092979125
2023-05-13,1479.4614693347312,609.3419536925329,52,9219,2999.386506013137,560.6713579680072,0.5640525002711791
2023-05-14,2350.460685614512,625.6907882122525,222,3113,2976.5924367116604,572.4956500082276,7.131384516543528
2023-05-15,4771.638815650076,285.7376090718208,191,5356,2981.304867376517,572.1366137479388,3.566094100074683
2023-05-16,2292.811728083021,557.9298934587637,169,6543,2991.1596277594344,571.7801763823584,2.582913036833257
2023-05-17,3075.162486973464,626.0938131640185,207,5555,3005.6139875871327,580.4810709970044,3.7263726372637267
2023-05-18,3812.0758355807116,393.9764029077837,291,8062,2998.6096969674163,577.2330881326486,3.6095261721657153
2023-05-19,2454.518409517176,415.39458475950477,117,4374,3016.5872218857726,570.9884470685025,2.674897119341564
2023-05-20,4887.128330883843,501.8273304836981,195,7430,3135.894178271395,562.6388293211761,2.624495289367429
2023-05-21,4849.789179768445,216.0569582221811,239,4466,3225.5869572085076,562.1257375328194,5.35154500671742
2023-05-22,2007.1291833014566,457.6633324665426,86,4081,3237.6617583513557,549.3969046441297,2.1073266356285223
2023-05-23,2988.9940235695417,369.15840559723574,202,1629,3180.0018721579972,538.2915077776133,12.40024554941682
2023-05-24,2203.5132392670785,461.99788174233174,225,1269,3112.369596191644,544.8445296503879,17.73049645390071
2023-05-25,2139.3619775098705,295.80970545540094,242,6724,3065.8944945739163,524.7427565227205,3.5990481856038072
2023-05-26,1147.5477894181313,912.421824591916,230,6897,2954.6180088628253,523.9335533282693,3.3347832390894587
2023-05-27,3438.2573359195876,674.8739628432389,287,4432,2928.7369764735963,538.1339398269142,6.475631768953069
2023-05-28,3010.716092915446,743.2818553155917,256,7276,2970.884838385973,548.8599310535085,3.5184167124793846
2023-05-29,1205.9150049999573,831.3369908858706,122,6895,2858.740805420641,548.4057966218893,1.7693981145757796
2023-05-30,2114.585856946446,598.7537591432458,192,8115,2823.981368396769,541.7439968497666,2.365988909426987
2023-05-31,4633.063543866615,269.53623046993897,98,7656,2837.424799170448,539.1413106825945,1.2800417972831766
2023-06-01,1958.2475626678897,629.6852334548382,170,1575,2749.887544602912,547.8815031754435,10.793650793650794
2023-06-02,1579.5794883648923,669.4728944167033,137,8029,2726.8063975521595,553.6513435815634,1.7063146095404162
2023-06-03,2957.811041110252,796.3515793474639,245,7099,2777.3931756521447,560.6091166213849,3.451190308494154
2023-06-04,4942.601816442402,545.3276369837436,189,4192,2878.4218811946325,555.6332439467019,4.508587786259542
2023-06-05,1968.2210860460018,302.06424223645104,236,4178,2853.7482122459987,549.1976882993896,5.648635710866444
2023-06-06,3688.5421896235143,427.0207246389796,299,7052,2834.297649777117,544.4307866904717,4.239931934203063
2023-06-07,4046.4784613148704,490.4658371189081,86,3734,2821.0828540534335,534.1804229108685,2.3031601499732193
2023-06-08,1950.5501759695985,716.733793065281,110,7116,2851.840909181594,550.4266639359618,1.5458122540753232
2023-06-09,3912.865394447438,656.6226437351295,278,4568,2880.836781986167,558.915766877959,6.085814360770578
2023-06-10,2471.132530877013,484.877380718277,220,3203,2874.2197325955635,549.3890239449801,6.8685607243209486
2023-06-11,3529.223322374318,989.2121990343837,173,2390,2928.912801945277,551.823914907801,7.2384937238493725
2023-06-12,3534.1188430435786,684.6198554855098,247,2742,2997.401381068905,554.3331783009002,9.008023340627279
2023-06-13,3143.098736299034,389.78143338879556,88,2925,3023.8226494250557,546.4695331401182,3.0085470085470085
2023-06-14,1361.1590802176333,281.425978096323,233,1619,2910.1399915773077,546.3258121076017,14.391599752933908
2023-06-15,4341.2099823569515,322.2873113474656,112,2274,2978.4199333864385,538.4710593705584,4.925241864555849
2023-06-16,2283.120259886943,396.7661827076065,95,1956,2952.0185258168876,530.8268050220114,4.856850715746421
2023-06-17,1746.074041599417,328.54509860764455,137,2939,2883.151799350845,528.6457615453401,4.661449472609731
2023-06-18,1163.1005662190557,349.2536192410446,60,4953,2840.104537907574,526.4410626947247,1.2113870381586918
2023-06-19,3363.5717727529673,428.0761349550777,111,1968,2789.3193193032116,523.9826895104374,5.640243902439025
2023-06-20,3710.2574473691297,338.6988762358038,126,1281,2751.3349282232343,528.0707534442248,9.836065573770492
2023-06-21,1066.3513157114246,917.4123397011401,275,7262,2719.975665970233,543.3957203520447,3.786835582484164
2023-06-22,3048.372233197124,264.1869965293138,202,2058,2721.9549396244856,539.896673383114,9.815354713313896
2023-06-23,1905.983100791752,619.6091116562037,248,5293,2712.037268341975,545.1503810469097,4.685433591535991
2023-06-24,3580.6911616377993,528.3174615917292,101,6178,2760.081574479573,552.9006395847874,1.6348332793784397
2023-06-25,1697.4657160199658,985.9028935268851,53,7980,2778.412172032967,555.3500085492864,0.6641604010025063
2023-06-26,3763.7509524098637,289.6311217344419,108,2229,2789.2619592493097,542.5085805123264,4.8452220726783315
2023-06-27,2546.94138520215,518.2844792365934,121,5585,2773.8028023255333,535.0086679763597,2.1665174574753805
2023-06-28,4746.919954946938,975.5763466202951,197,9467,2891.8363006570994,539.8166465008405,2.0809126439209886
2023-06-29,1550.0837765839728,892.4057007151843,142,3740,2873.0195646450165,549.6050445532385,3.796791443850268
2023-06-30,2364.265404201034,853.657656759424,112,3289,2797.3929599894977,569.0757587628881,3.4052903618121007
2023-07-01,1453.8940849623564,406.32226163595186,103,2239,2780.581177399313,561.630326368925,4.6002679767753465
2023-07-02,4698.774473114251,336.71006991205263,166,6370,2884.554343557625,550.5382322187702,2.60596546310832
2023-07-03,4509.357413523924,734.9145759395448,292,1125,2936.272555971414,548.4903321051728,25.955555555555556
2023-07-04,2031.7665108606225,943.5007913020686,286,8473,2839.2447124520213,561.7627705824503,3.375427829576301
2023-07-05,3639.9361841367163,645.4103144111439,159,6342,2894.9685490550455,573.2076396549401,2.507095553453169
2023-07-06,4268.888800804863,657.2901515759199,123,8351,2914.313436094423,580.8832872195048,1.4728774997006346
2023-07-07,3220.8032463978493,423.98327492822733,156,7638,2886.790928930523,578.6672018131487,2.04241948153967
2023-07-08,3118.602313424026,815.5943465535495,275,7570,2925.726000179004,581.962553596091,3.632760898282695
2023-07-09,1967.4091636018068,349.6349988460187,106,4249,2860.877459150816,571.7296320997873,2.494704636385032
2023-07-10,1372.4110712235968,458.9433891233949,267,8595,2824.253410495702,570.8651657132912,3.106457242582897
2023-07-11,4588.863031813307,540.3491508931334,218,7294,2859.574734143668,555.903064108583,2.9887578831916644
2023-07-12,4601.672228653322,606.088302947564,290,7527,2895.1598469973264,553.2853456906513,3.8527965989105883
2023-07-13,3532.4058290930716,393.9277859320642,299,6757,2908.1367500904607,553.4235574420937,4.425040698534852
2023-07-14,2356.1191641948026,291.86945979136283,52,2969,2941.3020862230333,553.7716734985951,1.751431458403503
2023-07-15,2396.8382984506434,688.4960339533061,169,1891,2876.48969675949,565.9786309187897,8.93707033315706
2023-07-16,3903.8227154809574,430.90444259220465,55,5470,2930.513111945957,567.116572914943,1.0054844606946984
2023-07-17,4588.441039810308,664.9905771380897,54,8175,3025.2586785529866,578.3314221992911,0.6605504587155964
2023-07-18,4548.345697060469,323.49017221936185,54,9320,3138.100182914367,577.4726406319018,0.5793991416309012
2023-07-19,4119.502183430495,584.912081483854,103,7812,3163.2978632702852,582.7005055161942,1.318484383000512
2023-07-20,3568.126584617151,626.0715460412687,96,8519,3158.560167845219,592.2795945097097,1.1268928277966896
2023-07-21,1336.5598599801954,241.45882945794153,264,5612,3167.567119320845,569.7478108349364,4.704205274411975
2023-07-22,1646.514856378455,469.28342255513644,226,2198,3120.838540093556,576.5843583691307,10.282074613284804
2023-07-23,4594.216754108316,307.5317415511794,58,6238,3210.4463285374413,566.1817793656297,0.9297851875601153
2023-07-24,3425.7162386383598,250.6999763782142,148,7089,3205.280497770793,556.9278631918459,2.0877415714487233
2023-07-25,1036.7882064665187,991.9681859119562,69,7257,3183.2579141190113,557.1300396046815,0.950806118230674
2023-07-26,1405.8861714641284,457.88307597977837,171,8705,3104.6624214208205,562.7384380795262,1.9643882825962091
2023-07-27,3654.007076432223,847.8995566837079,290,4719,3141.564611128489,573.7256073277633,6.145369781733418
2023-07-28,1020.2463353848748,403.71252381101107,110,1302,3017.342157143087,554.6634799007873,8.448540706605224
2023-07-29,1643.2322056699945,745.2021777791434,172,1986,3020.447104779288,549.7566958029191,8.66062437059416
2023-07-30,3194.9351574663447,808.1822879117492,283,5440,3048.1360965547983,548.2408501746633,5.202205882352941
2023-07-31,3767.580790770773,676.5109924862754,212,5909,3125.258986748412,557.2471412030075,3.5877475038077513
2023-08-01,3607.8450380104023,577.2609508401267,227,4072,3088.8946722449505,565.2655039006098,5.574656188605108
2023-08-02,1897.0772378422391,529.4727313178148,131,4124,3001.8186663888946,558.417442413219,3.176527643064985
2023-08-03,3848.7168853901435,479.09461323439626,111,9125,3062.383678873212,542.9372364776298,1.2164383561643837
2023-08-04,1948.9963499872001,943.6233153982607,194,4291,3006.0190177348945,552.877669843867,4.521090654859007
2023-08-05,2301.598792637071,864.4955262301833,265,5033,2940.4426841293016,559.7845156656759,5.265249354261871
2023-08-06,3985.9656204720964,972.02152853321,52,6105,2965.9480965984426,578.0524574525085,0.8517608517608518
2023-08-07,3598.5315961888587,299.43777878843576,209,1703,2981.945739357271,560.8472385270048,12.272460364063416
2023-08-08,4396.893641976712,784.6939801629154,276,9133,3062.9285553031013,575.3492045709014,3.022008102485492
2023-08-09,3630.4515692013733,950.6723654568302,279,1574,3138.19657190236,591.7401704486825,17.72554002541296
2023-08-10,3273.2344133418865,344.9864529325281,62,6704,3094.3422846199796,585.2280805166624,0.9248210023866348
2023-08-11,1374.6990713123698,253.197013893422,169,8848,2986.776512708615,573.4650375481909,1.9100361663652803
2023-08-12,2470.863212237734,792.8965194320473,174,6208,2951.391758813437,586.7639953315237,2.802835051546392
2023-08-13,2060.809470726902,659.5784905439295,288,7924,2941.5481023645066,599.020963023276,3.6345280161534577
2023-08-14,1975.9585735163344,873.4630214066176,138,4828,2927.5187782000294,605.1865292717197,2.8583264291632147
2023-08-15,4892.0422190097825,311.8179013010316,122,4230,2960.459428317657,601.2169778953472,2.884160756501182
2023-08-16,2572.3908986670417,836.2138494879122,117,1488,2893.257756946215,606.924420307008,7.862903225806452
2023-08-17,4568.186220708453,361.30185603819564,191,8114,2893.919107734481,608.1848097676358,2.3539561252156767
2023-08-18,3524.5545039890517,330.9247542925636,150,4173,2874.087518419766,599.7185655279261,3.5945363048166783
2023-08-19,4179.2452141665935,331.41263834479435,147,2667,2894.4581394047477,589.8966019380437,5.511811023622047
2023-08-20,3010.5483724207684,851.6597761851057,60,5114,2950.2577564861,610.2366334956157,1.173249902229175
2023-08-21,3307.6155385054362,732.1577765569601,154,4553,3005.627779223666,618.9991119623432,3.382385240500769
2023-08-22,2970.0707752754556,618.4523398152954,233,8761,2951.4895799292376,629.3631319044803,2.6595137541376555
2023-08-23,1780.971951192178,487.064387298802,116,2000,2896.6647703476983,637.2419456018334,5.800000000000001
2023-08-24,3889.8084610460214,901.7604326504866,172,2388,2991.7654455003485,634.2350204931176,7.202680067001675
2023-08-25,2123.089449763423,513.9560859381083,269,6450,3015.672221443658,636.104120825062,4.170542635658914
2023-08-26,1097.2638657258153,853.2795515772617,78,4712,2930.4474477534445,636.2834539881804,1.6553480475382003
2023-08-27,3581.889183628671,551.3079268561747,186,2367,3015.8355426949047,641.2033007563526,7.858048162230672
2023-08-28,1708.4427176281956,501.5555435399261,244,9189,3018.0092264268446,633.081746281712,2.655348786592665
2023-08-29,4761.8343374116575,570.1438285356851,202,1454,3070.239199091688,625.1471309691765,13.892709766162312
2023-08-30,4815.71430801035,441.1022993313137,275,3772,3105.1769829996742,617.3001745306777,7.290562036055142
2023-08-31,4659.457560881794,798.0875041410009,125,4726,3140.2307337620537,624.661059640707,2.6449428692340247
2023-09-01,2480.6348010217775,602.1763120739834,219,8232,3159.682652534705,627.0845123325793,2.6603498542274053
2023-09-02,1061.8264661154697,385.77015611745384,58,5806,3066.7863052255493,623.9736970953478,0.9989665862900448
2023-09-03,4713.274250350902,919.6596586196548,256,3190,3158.9289019043395,623.1749085360609,8.025078369905957
2023-09-04,2712.7365932692574,507.1129770985691,89,3875,3172.6334952587454,611.2621568983405,2.296774193548387
2023-09-05,4866.619276174679,634.842288891191,74,6592,3201.9886171154985,600.0228489102732,1.1225728155339807
2023-09-06,4854.4799083570115,925.1776887716376,54,2440,3243.853560854436,620.8808459097132,2.2131147540983607
2023-09-07,4412.03782186944,699.3903967311937,188,9927,3244.3583668508604,618.0373931286558,1.8938249219300898
2023-09-08,2177.7955682783427,293.5184325666913,236,7059,3195.9365001534266,596.132262032318,3.3432497520895312
2023-09-09,2540.390914407701,951.8656988907801,275,8010,3171.5083835222877,616.3615702309263,3.4332084893882646
2023-09-10,4404.546686067428,702.1664424571343,265,8117,3272.503304014122,631.3272178497168,3.264752987556979
2023-09-11,2267.6880206251108,467.9244917256689,173,3989,3265.7307976270345,620.4948169261709,4.336926548007019
2023-09-12,1677.9709867443698,311.4176581307098,256,7228,3252.969514827617,608.8894558457301,3.541781959048146
2023-09-13,3227.2050498334006,835.2201514162368,87,7471,3294.677730704853,607.6146935127174,1.1645027439432472
2023-09-14,4744.619096643124,696.0582047428109,121,3863,3289.763626625964,620.4227036274434,3.132280610924152
2023-09-15,3784.119186699892,626.7688735810573,182,2177,3330.1545695603922,613.4412044305483,8.360128617363344
2023-09-16,3280.24468035746,915.1140664407661,225,5760,3287.2231848820256,631.9016114439672,3.90625
2023-09-17,1388.705975083074,830.8777689796246,139,1011,3216.0282339184932,648.566711933536,13.748763600395646
2023-09-18,3460.028906796679,321.3399037862009,195,6252,3192.054357006163,648.2309541149162,3.1190019193857963
2023-09-19,4960.215400417053,449.3776542364386,247,5399,3257.0432579393723,634.8215500499606,4.574921281718837
2023-09-20,1560.336060946096,398.7913118515726,86,9234,3198.8006086873943,623.7093345597809,0.9313406974225688
2023-09-21,3073.318609454947,795.1570340581416,109,6445,3202.242203160044,629.5994910345427,1.691233514352211
2023-09-22,4509.492287711822,226.8259477886235,225,7570,3293.192881044032,620.9248763842032,2.97225891677675
2023-09-23,3963.074471016818,655.9117478970531,254,9212,3295.635081376392,612.7299202257553,2.7572731220147633
2023-09-24,3788.062963981072,809.9669485925524,77,1406,3351.13419851698,622.5969489809036,5.476529160739687
2023-09-25,3809.936335948437,901.4125094093996,246,5431,3441.5566141910676,624.2013809086416,4.529552568587738
2023-09-26,2437.964604879021,473.665398972726,254,6243,3403.4257948994127,621.61329664586,4.0685567835976295
2023-09-27,2174.3673770579735,857.0058437376102,130,7542,3418.9566168804054,633.4616399857828,1.7236807212940866
2023-09-28,4237.444621914055,288.5053895641658,163,7936,3401.4769596971523,624.0736920200654,2.053931451612903
2023-09-29,4240.453578716722,877.1618333876146,89,9906,3382.301602054031,638.6090098219422,0.898445386634363
2023-09-30,4468.289274320415,301.99092986558594,94,5146,3375.929325835318,622.072457346095,1.8266614846482705
2023-10-01,4652.962210225885,517.8298324482938,273,1140,3448.340239475455,619.2609080252387,23.94736842105263
2023-10-02,3045.369595443751,837.8362926236429,111,5882,3514.458343786398,634.3297792421115,1.8871132267936075
2023-10-03,3006.0651787487986,319.933941879019,142,7012,3457.551374732995,614.3389220174238,2.025099828864803
2023-10-04,4193.180715867101,383.4011161861132,164,1963,3506.899512152923,610.2151933203419,8.354559347936831
2023-10-05,3599.855723111061,777.802054714453,235,8151,3464.674060384136,614.980518847784,2.8830818304502515
2023-10-06,3807.8675090308134,776.0292292368595,116,9564,3429.7869804065954,610.008903529958,1.2128816394813886
2023-10-07,4183.170677744404,712.9181063082378,105,4610,3422.1580756024277,610.459827182526,2.27765726681128
2023-10-08,4560.021367270265,755.15875557368,89,7894,3501.5656022354915,625.8478379494258,1.1274385609323538
2023-10-09,2351.980627406143,634.179554678077,147,8311,3495.28525933544,615.2582998090023,1.7687402237997834
2023-10-10,2502.3318105597764,401.4392471255622,89,1105,3431.878096818518,605.2340599646164,8.054298642533936
2023-10-11,1375.927759363476,476.5567948031356,140,6539,3402.1527547764636,605.5218034005321,2.1410001529285827
2023-10-12,3313.1205639846958,345.27817344114055,254,7787,3456.6577406844744,606.6504872442132,3.261846667522794
2023-10-13,1143.7690951869683,926.7604490669027,286,3137,3387.2098755295933,609.7018304992354,9.116990755498884
2023-10-14,2862.3920725298403,666.7134358128964,82,5445,3324.4689747258176,608.7236715349048,1.5059687786960514
2023-10-15,3170.5785388303066,520.6811334109119,55,4530,3304.0176197968312,605.1874135292333,1.2141280353200883
2023-10-16,2146.1650085131378,569.6046429153062,265,2286,3266.2149640686866,593.6704327450514,11.592300962379703
2023-10-17,3363.333042276043,957.8266716894523,196,8052,3332.0358663084526,597.902062835379,2.4341778440139095
2023-10-18,1122.0009997561976,322.6811224928642,129,4654,3254.101602740436,597.9467701256011,2.771809196390202
2023-10-19,1149.3927549968575,668.9838656134377,217,8102,3127.07418122643,605.266977171501,2.67835102443841
2023-10-20,4290.402242638633,604.7109431075728,141,3359,3218.076387282848,612.1309648800344,4.197677880321525
2023-10-21,2440.762565645052,689.1633883477182,146,9105,3196.991185822518,608.5978433563536,1.6035145524437122
2023-10-22,1508.242050607539,214.4881470566724,108,9636,3096.9495112523755,608.1865833319551,1.1207970112079702
2023-10-23,3088.9730402192176,897.6991271553212,108,7441,3067.812796892455,616.2461626405642,1.4514178201854588
2023-10-24,4079.9742123944434,945.69462598689,97,6047,3077.5431718395675,620.7704185537089,1.604101207210187
2023-10-25,1863.2841099873726,652.1065468713671,218,9227,3012.6547643075323,612.460219802441,2.362631407824862
2023-10-26,3491.561903276001,757.3206591015138,62,6203,3047.774674254098,621.9153951400673,0.9995163630501369
2023-10-27,1341.3898599750719,937.9995049418366,156,2798,3020.0087570180017,624.6151838468747,5.575411007862759
2023-10-28,1206.7268846744307,765.7909074507189,94,6291,2918.9848324433474,640.5247011097599,1.4941980607216658
2023-10-29,3125.418526272592,322.0312343314091,138,6495,2881.8169973618765,622.0203478078863,2.1247113163972284
2023-10-30,3162.540486440426,661.0306881334506,230,7284,2838.2920377658766,633.9883397501485,3.1576057111477205
2023-10-31,3549.719605992826,685.3720371062848,219,8285,2801.5172842914412,639.5730799054148,2.643331321665661
2023-11-01,3904.3653348906464,539.3045370419088,149,2300,2830.1504756063377,629.6220213860238,6.478260869565218
2023-11-02,4903.408317850139,789.1553884997783,240,7869,2893.3952469097158,645.2627362733823,3.0499428135722457
2023-11-03,3065.201393204781,947.4936118152119,204,4097,2855.795936154305,664.065819461019,4.979253112033195
2023-11-04,2291.8258917649837,940.454810325421,215,5616,2812.194941776103,669.4875779813847,3.828347578347578
2023-11-05,4180.744779074815,560.6714971233057,237,1009,2824.6241841109027,662.3089869109328,23.48860257680872
2023-11-06,2083.329005048297,290.5904366726042,56,6752,2754.629461687699,648.2313979230784,0.8293838862559242
2023-11-07,2755.8856828225444,987.8729591698676,182,7295,2694.491605539442,655.9885380429513,2.4948594928032897
2023-11-08,1313.8255253690638,871.1184691567473,284,5815,2659.8864354715392,663.886501858907,4.883920894239037
2023-11-09,1101.40297366183,299.7301449626135,94,2072,2613.1888075749407,660.4961984534754,4.536679536679537
2023-11-10,4850.5936587117,936.6735060938979,107,4225,2729.0110042198817,675.8334221631674,2.532544378698225
2023-11-11,4343.920482048823,895.9170896497026,298,2316,2763.371001488686,694.1880527034529,12.867012089810018
2023-11-12,3783.896824374792,615.0704457008577,292,6699,2851.3752591282805,683.7983859245846,4.358859531273325
2023-11-13,2635.81177765708,673.0203485959435,80,7807,2843.822582632521,684.0086163506862,1.0247214038683232
2023-11-14,1693.177280283383,519.2021630961042,72,7674,2794.5758740142905,683.9593173401928,0.9382329945269743
2023-11-15,1625.7481706843441,243.80931105762505,219,4683,2777.2286460866644,673.0994729449366,4.6764894298526585
2023-11-16,2000.9715926583813,468.15779331672076,187,8227,2731.8165977660756,656.7771769991789,2.2730035249787286
2023-11-17,3196.906658824482,842.2827588784091,209,4273,2800.980119735018,674.0972315453637,4.891177158904751
2023-11-18,3858.3836908002495,203.70561840368228,156,8000,2891.2798175951316,658.5879566383719,1.95
2023-11-19,3640.789506870925,466.79933735291536,230,1145,2869.6260597362075,653.9909031132166,20.087336244541483
2023-11-20,2119.7355877837713,518.5349548727547,207,6010,2858.9251604741653,648.3032886640511,3.4442595673876872
2023-11-21,4819.461122652776,629.9164823503384,88,4040,2969.2991295423394,662.1508998405068,2.178217821782178
2023-11-22,3951.587666783074,935.8844931302084,208,1482,2998.0529504278015,663.423745373003,14.035087719298245
2023-11-23,3217.416210045603,477.076795492769,131,4179,2969.3010170161733,647.803151023199,3.134721225173486
2023-11-24,3446.8829849374088,477.56256151698216,149,2249,3022.0876461811745,641.9850181780528,6.625166740773677
2023-11-25,2678.4002497111596,790.0009984877987,51,1630,2994.9822577290133,643.0743628242623,3.128834355828221
2023-11-26,1990.9239580046299,561.7743527118457,255,9853,3016.6333943299987,630.5335244165959,2.5880442504820866
2023-11-27,2423.890714605046,379.6838583519856,126,3852,3057.2055219943522,617.6632894466381,3.2710280373831773
2023-11-28,4031.3844418574763,561.9516129061547,270,1987,3087.4043858471823,625.6606353991297,13.58832410669351
2023-11-29,1057.5739545190236,312.6856163038399,61,8622,3017.238834783135,614.0491330048094,0.7074924611459058
2023-11-30,1464.290562027665,341.10958920497865,88,8327,2947.72453331763,602.5737180747658,1.0568031704095113
2023-12-01,1184.010568087011,598.6942181915838,243,9841,2857.0460410908418,604.5533741130882,2.469261253937608
2023-12-02,1162.9152092758804,535.1403596036383,273,2100,2732.3629374716998,596.0862064832169,13.0
2023-12-03,4421.842336044028,931.87672085448,62,7652,2777.584302233008,595.5656434511925,0.8102456874019864
2023-12-04,3814.6314375200946,489.9151192933065,95,9632,2828.344487091512,580.547653750122,0.9862956810631229
2023-12-05,2896.695316349301,664.4706802224348,204,8421,2785.542838333995,584.007626520093,2.4225151407196295
2023-12-06,1391.3366426040059,705.8114303356243,162,6016,2762.4764262525186,597.8483263088604,2.69281914893617
2023-12-07,2966.463500467329,210.47556527066692,282,1769,2769.495686840678,571.9350798455537,15.941209723007349
2023-12-08,2893.887083122263,730.8298976133685,66,2343,2822.164405432451,567.2587941274411,2.8169014084507045
2023-12-09,1692.8074796400606,342.4287734958011,153,5358,2841.877888965059,568.6820817452138,2.855543113101904
2023-12-10,2735.4065969518924,968.8562539755641,272,7780,2771.371653573065,569.7548400079361,3.496143958868895
2023-12-11,2594.018937589494,318.93018220249036,147,7602,2713.0416020910875,550.5219430930291,1.9337016574585635
2023-12-12,3463.400392208866,531.699298981619,237,3349,2702.3583876855564,547.7429048690544,7.076739325171694
2023-12-13,3540.374603470575,268.2797344629151,241,6699,2732.51048187934,534.2515510646201,3.5975518734139422
2023-12-14,1181.2160390881781,997.4994014767578,137,2241,2715.445107172833,550.1947923439752,6.113342257920571
2023-12-15,2498.450458505885,601.7560082649941,158,2125,2744.5351834335515,562.1263489175543,7.435294117647059
2023-12-16,3503.4396628569457,676.308013856035,212,7764,2794.61745244017,569.064689602198,2.7305512622359607
2023-12-17,3012.545034320351,253.661181910742,289,6101,2788.4720649566993,549.4439703699425,4.736928372397967
2023-12-18,4425.959364753289,799.9683763193423,119,8843,2807.391254088467,569.3193956337979,1.3456971615967432
2023-12-19,3634.77452647578,367.9244744764686,260,1072,2807.1907547419623,566.0235668712496,24.253731343283583
2023-12-20,1651.7377083257188,918.443431552571,207,6472,2791.5908254266933,579.3538494272435,3.1983930778739187
2023-12-21,1282.2749896017194,364.11171238560576,248,6189,2673.684620991659,570.4936904284191,4.007109387623203
2023-12-22,3569.6771128252626,352.55017653093324,123,3472,2660.9542691930646,551.0492132084432,3.542626728110599
2023-12-23,1106.0452421664872,229.2397342784759,282,1707,2590.5752369304278,542.7879778346335,16.520210896309315
2023-12-24,3343.1023250938533,577.6535560879994,273,2804,2587.115881602309,546.1243443203341,9.736091298145507
2023-12-25,4760.92096569983,651.8729066100932,275,7704,2656.533238801931,541.5200745910772,3.569574247144341
2023-12-26,3301.8967115035157,252.5669115426819,112,4713,2700.2323305852274,531.2131598854384,2.376405686399321
2023-12-27,2552.679704826088,820.4220933560084,205,6051,2704.525296925929,545.9044343855725,3.387869773591142
2023-12-28,3573.1528737694125,562.631067798422,109,3475,2689.250911322993,545.9270828819814,3.136690647482014
2023-12-29,2833.0115619660664,619.512215462064,128,4610,2748.4321649045614,556.1546361872555,2.7765726681127982
2023-12-30,3182.46715726374,552.6101975505826,271,5255,2805.7047180790973,563.2046564654423,5.156993339676498
2023-12-31,4765.859235106101,520.6104487002608,86,8397,2925.099673646401,560.6018641490649,1.024175300702632
2024-01-01,2544.410551203097,647.7122650465743,270,2735,2971.1495183773077,564.3542609971628,9.87202925045704
2024-01-02,4844.762255295656,324.19219674456997,71,9258,2985.246849019029,544.0981101934991,0.7669042989846618
2024-01-03,4621.402567824255,345.5425043962169,245,8979,3012.139220029167,539.2856896969295,2.7285889297249137
2024-01-04,1783.1645391571858,889.4284968108138,197,3428,2975.0215274560965,546.7842835832088,5.746791131855309
2024-01-05,1277.4452035006618,956.8923697069062,145,8426,2971.225146152652,555.1536482289181,1.7208639924044624
2024-01-06,1403.1120055097067,498.64745302380237,277,9533,2919.1134296540645,564.7593778206895,2.9056960033567605
2024-01-07,1072.887302606199,416.595738514843,291,6249,2858.4134369701956,554.2849058507385,4.6567450792126746
2024-01-08,1377.7718430237137,715.1996345912127,117,6291,2847.912249082984,566.7106012205855,1.859799713876967
2024-01-09,3732.0270936654274,526.9873368784771,268,3817,2881.132932306769,551.9816373173493,7.02122085407388
2024-01-10,1284.754593840916,220.3090845282759,241,4874,2837.4907875151493,548.6942673948755,4.94460402133771
2024-01-11,2275.902521175045,324.9220778929523,66,5211,2797.9075251473555,541.8016933585866,1.266551525618883
2024-01-12,4379.501243877818,772.777783077918,61,1661,2825.87841316093,558.6182949790867,3.6724864539434074
2024-01-13,1093.0877429433035,727.1391535281211,199,4374,2822.9408032894344,549.6062867141321,4.549611339734796
2024-01-14,4257.873930355743,221.67679400278678,194,1207,2881.588252351096,536.9369795720585,16.072908036454017
2024-01-15,2127.4190990935995,377.5777295463596,187,3665,2835.7209002256513,526.9793034284028,5.102319236016371
2024-01-16,1472.6593104866251,384.8598372704571,167,3493,2784.3913760978603,531.3525919403933,4.7809905525336385
2024-01-17,3786.9486614566026,737.5141948789827,242,7813,2763.0910193213044,529.2707858923812,3.0974017662869575
2024-01-18,3515.771387119536,215.76843020349133,71,1632,2759.1242480094293,524.1989177499487,4.3504901960784315
2024-01-19,4509.888054108212,283.28686558765907,267,4083,2854.3959262021795,503.02703221778495,6.53930933137399
2024-01-20,3940.284175215543,839.9328682985515,169,4719,2942.9962323893064,518.8877374148831,3.581267217630854
2024-01-21,4213.923721539394,342.8357296434669,259,8123,2964.4711193464445,518.5639225186343,3.1884771636095035
2024-01-22,2128.138290285226,722.1968862814998,99,2679,2998.540887617069,534.9958275854017,3.6954087346024638
2024-01-23,1709.7581751188914,390.5462248373812,63,1236,2944.096082617904,528.7589165437143,5.097087378640777
2024-01-24,4002.4590065634334,279.55311420747614,241,8446,2918.8140173133575,516.3482567969605,2.853421738100876
2024-01-25,4227.338957069056,394.53775279956324,224,5443,2949.6620921655417,521.0806181721899,4.115377549145692
2024-01-26,4962.020568002694,777.8135454845274,78,7770,3029.9734542714286,519.6603332431406,1.0038610038610039
2024-01-27,2650.470707645706,884.5571744850286,253,7099,2999.217382067305,530.3912034660275,3.56388223693478
2024-01-28,2488.0723431711326,864.1758916535932,213,9555,2987.7194081074745,538.5466593390785,2.229199372056515
2024-01-29,4105.651842967987,517.7468236947639,276,3368,3018.492230964282,537.3845468772178,8.194774346793348
2024-01-30,2363.2141610120716,734.468109256517,229,1285,2938.4040618278145,544.5131355624263,17.82101167315175
2024-01-31,4723.029302414259,363.9874363326568,174,1148,3011.0246868681866,535.0556412719624,15.156794425087108
2024-02-01,4433.651007372047,434.5181842088106,253,5037,2997.320978604066,538.733174187437,5.0228310502283104
2024-02-02,2715.976109500073,917.0686548168958,56,7549,2933.8067633265937,557.7840458681263,0.7418201086236588
2024-02-03,4003.4842711659894,210.40153880858884,78,8121,3007.8174210602206,535.1498139347188,0.9604728481714074
2024-02-04,4018.1714963387294,268.4068246835744,188,5895,3099.1749641548226,512.2002957672745,3.1891433418150976
2024-02-05,1412.4954753437305,366.3090041168218,82,6280,3099.487746482623,507.78901413704176,1.3057324840764333
2024-02-06,4610.211626718266,221.22576309905577,183,2012,3217.3985572863594,501.27668162318224,9.095427435387673
2024-02-07,3021.0094897914287,345.14834807183786,160,3785,3272.1731455119498,488.94163873920303,4.227212681638045
2024-02-08,4305.829864430967,666.4332487757538,128,4725,3291.2999045374677,493.58983580244563,2.7089947089947093
2024-02-09,2280.198404122447,537.1396404739984,209,5576,3324.481364880185,504.1508543339697,3.7482065997130563
2024-02-10,4582.092913984801,914.1373688615798,228,6782,3401.3543779738443,523.791364032924,3.3618401651430254
2024-02-11,2556.8067149366525,853.9548493907528,252,7257,3340.5978936758047,526.4972662433518,3.4725093013642003
2024-02-12,1043.3506059211934,473.4538813583008,107,3408,3338.9399891084013,518.0410905043577,3.1396713615023475
2024-02-13,4621.527905677054,407.538746745034,264,1340,3351.061788285778,524.2364889290994,19.701492537313435
2024-02-14,1365.1467071445343,503.7539265338135,75,3817,3325.652708554143,528.4423621620144,1.9648938957296307
2024-02-15,2277.2545503616593,672.2359540118462,275,3496,3352.47254988331,538.0215660533942,7.866132723112128
2024-02-16,4800.24786820322,414.45091265830104,223,6962,3386.2491901081976,527.2527899793714,3.20310255673657
2024-02-17,4802.428587750224,699.3191262793073,275,6299,3429.137763462554,543.3711465152319,4.365772344816637
2024-02-18,3293.7515524931446,527.5293217529924,78,8574,3388.5998800753855,551.5125617207431,0.9097270818754375
2024-02-19,3527.348848679197,641.6377446815842,53,2689,3374.8353691908405,544.9027242668441,1.9709929341762737
2024-02-20,2793.782087913279,548.9012233082533,258,4267,3327.497314736637,551.7715740556703,6.046402624794938
2024-02-21,2172.843086792258,435.5726076335342,148,5406,3328.987474620204,542.2174314340715,2.737698853126156
2024-02-22,2314.6581814796637,958.7626455697254,190,9453,3349.1508081655634,561.1579787918163,2.0099439331429174
2024-02-23,3690.0738243081537,810.8846353278086,282,2442,3338.737968757054,578.8690294958274,11.547911547911548
2024-02-24,4009.49811775072,312.09054061316203,88,9597,3331.476607446443,576.120789089614,0.9169532145462125
2024-02-25,4166.316174903394,894.7743807183302,64,5437,3304.953127676466,580.0194835974074,1.1771197351480596
2024-02-26,4158.472571178216,589.9449585996109,168,6435,3355.2198564608834,570.1990764012268,2.6107226107226107
2024-02-27,1364.8244121947614,915.6417815152731,78,9435,3317.7782587616707,571.9146060632828,0.8267090620031796
2024-02-28,2977.681218810326,839.8842047578522,206,5107,3280.1792379564154,582.6525187653857,4.03367926375563
2024-02-29,1230.235040066577,540.1708035753868,124,1560,3242.4132672582323,576.1759419093481,7.948717948717948
2024-03-01,3198.115529294942,217.9754466560939,165,9785,3191.582808154255,571.308875586796,1.6862544711292795
2024-03-02,2766.1220054935084,414.94188750795684,81,6548,3135.998508091637,570.6563323634342,1.2370189370800244
2024-03-03,4550.816731033199,633.3073717286935,179,2826,3197.1598621427415,561.1976229271608,6.334041047416844
2024-03-04,2403.6600502083147,706.7825758609179,224,8629,3143.8323881108186,577.7436574955717,2.595897554757214
2024-03-05,1468.2680657104233,406.31014834656185,255,9325,3058.8356070898753,582.3404349510046,2.734584450402145
2024-03-06,1571.9667282113435,311.4848592582593,133,4138,3064.1513155187954,580.5129634557193,3.214113098115031
2024-03-07,4046.042526869889,867.9441894394392,71,8693,3045.3456788571834,602.070244333732,0.8167491084780858
2024-03-08,3472.872253265044,987.5217445628417,252,9264,3060.40777097297,623.4826908834322,2.7202072538860103
2024-03-09,1404.490704491161,620.5521458421487,76,8842,2963.6964656416435,621.9533207856454,0.8595340420719294
2024-03-10,1336.4272244599897,337.3434286786428,244,7721,2932.2374263195616,615.2934470591335,3.1602124077192073
2024-03-11,3803.87652583648,417.8458612154952,130,8002,2906.296880047951,598.7503968042639,1.6245938515371157
2024-03-12,1291.0520254567741,214.7125412379734,175,5225,2864.1050570652883,577.4423198658382,3.349282296650718
2024-03-13,4287.440237161425,931.4390452483992,285,3978,2972.2413781066293,592.708491995508,7.164404223227752
2024-03-14,3824.968908625985,294.2008663121129,233,8373,2945.6894115382606,588.9305626477438,2.7827540905290817
2024-03-15,1325.3951225675992,661.2131804114028,141,6907,2944.3643587190295,594.1792044436636,2.0414072679889967
2024-03-16,1339.3508563407677,419.2441765497648,270,7097,2913.1009022516664,585.7461451949275,3.804424404678033
2024-03-17,4946.558314004702,643.3424020126347,70,6656,2917.9779171117157,593.3758615067386,1.0516826923076923
2024-03-18,2497.0831830244815,721.1363106814914,96,9984,2841.1330702875243,594.1031009868113,0.9615384615384616
2024-03-19,2482.5685882675634,863.7934429657613,257,5259,2814.0936381466713,605.311905027237,4.886860619889713
2024-03-20,4251.19826903001,365.13701740848256,150,9286,2838.221952158365,596.0952141181336,1.6153349127719148
2024-03-21,4788.994309535435,208.7966629267844,236,6901,2904.729026212437,584.7583954387514,3.419794232719896
2024-03-22,4944.004255291484,309.5085040550458,133,5917,2997.101065162411,580.5562586528018,2.2477606895386177
2024-03-23,4013.5127410357663,920.0149134784841,55,9429,3053.7295504809476,579.2646675830937,0.5833068193869976
2024-03-24,2505.038342123663,899.1120620500122,196,3530,3014.228367741465,582.2055818071673,5.552407932011332
2024-03-25,1334.0028667946751,677.9304817362466,234,2960,2925.045192709597,594.40024651127,7.905405405405405
2024-03-26,4108.587663709747,680.4134883469227,246,8045,2923.120909003142,587.2548834322231,3.057799875699192
2024-03-27,3233.61699894322,732.0293396370043,180,2048,2892.2923899286416,591.9910294668028,8.7890625
2024-03-28,2696.8880369879053,340.2970228987597,50,6772,2936.6945107550796,572.8128708462524,0.7383343177790904
2024-03-29,4625.417540378944,931.5295567399678,107,3529,2991.6190548073673,575.867715912323,3.0320204023802777
2024-03-30,1444.7899292246054,535.0164199136584,173,3964,2998.7708844459685,575.6959031235987,4.364278506559032
2024-03-31,2970.5004171634364,506.510822599598,215,8137,2991.183714041585,585.3137489883823,2.642251444021138
2024-04-01,1045.4145790696762,615.1341642262701,64,1963,2933.8267998274573,591.9868248789927,3.2603158430973
2024-04-02,2874.6425679765052,237.57277342004403,211,1536,2877.954327725567,578.7956716020377,13.736979166666666
2024-04-03,1225.2131027273495,333.02669500486354,238,8340,2838.672762809535,566.3371422401691,2.853717026378897
2024-04-04,1475.2716650722878,790.4268931410963,212,8179,2838.906216121597,579.1410337333203,2.5920039124587357
2024-04-05,1470.1049871084197,266.2389343401012,113,8967,2835.5108247515,577.6328362360484,1.2601762016281923
2024-04-06,3596.841208464254,682.5216875731105,290,9734,2820.5374474713117,571.4520861738373,2.979247996712554
2024-04-07,3984.1795170616933,396.27928774505676,74,1845,2837.5810229312,551.7440042799112,4.0108401084010845
2024-04-08,3333.4750603886387,511.43649123358125,73,6777,2901.8805014611157,548.106815792959,1.0771727903202006
2024-04-09,4848.690193898168,430.9549894165599,61,4036,3018.9559337757223,551.2272011508896,1.5113974231912786
2024-04-10,2499.482318094816,484.53817317195933,67,6947,2975.4761268509997,553.4502782161051,0.964445084209011
2024-04-11,2142.848345127443,775.2367241473964,64,3494,3003.8693375066887,572.134417646419,1.8317115054378934
2024-04-12,4474.396512757841,437.69737249854,285,3719,3010.1012133599024,555.6763618880905,7.663350363000807
2024-04-13,1894.3833540778105,653.1237122375178,257,2884,2945.74836154163,567.6404567522707,8.91123439667129
2024-04-14,4852.890157762446,580.8403217592797,76,5349,3063.3315293814585,564.9613614638664,1.4208263226771358
2024-04-15,1048.6178987592655,730.9369322901185,121,6179,3053.640430795408,575.351119988545,1.9582456708205211
2024-04-16,4879.515306830556,949.4637914598064,109,7610,3051.405663889604,585.5551663034507,1.4323258869908015
2024-04-17,1172.6396478023044,786.0576777682003,223,7430,3007.2575460488642,587.7192118730076,3.001345895020189
2024-04-18,4564.572454792284,371.9523028726054,266,8154,3076.6576749330216,571.3245072032357,3.2622025999509447
2024-04-19,3110.8044363451995,224.94650804902773,194,7488,3038.6445471768616,566.6514902245873,2.590811965811966
2024-04-20,4971.859184477202,409.81123543986007,142,5737,3044.740043008254,573.3519759750232,2.4751612340944744
2024-04-21,1295.1862589415955,676.0623445602039,102,7525,2923.112776463257,585.5704373251951,1.3554817275747508
2024-04-22,3215.417137605283,241.14065078740026,57,4850,2896.509589682241,562.9412952354924,1.175257731958763
2024-04-23,4877.210142476396,597.0929977609891,128,1689,2975.581983027332,552.8739930925248,7.578448786264061
2024-04-24,3092.3913766805954,677.4742791335113,76,6175,3034.194933356863,552.8587863391003,1.2307692307692308
2024-04-25,3517.5945525410502,467.3951126535687,223,9648,3014.495162984573,545.7581738159885,2.3113598673300166
2024-04-26,3782.9947559384686,816.7297629966575,99,6078,3032.807754884415,548.5815212613104,1.6288252714708784
2024-04-27,2818.1642590710926,285.27860250701747,293,6448,3036.850295620521,546.7475739149189,4.5440446650124064
2024-04-28,3510.232320336254,260.110225388647,248,2179,2999.677454952431,524.3669295365415,11.381367599816429
2024-04-29,3337.257247692401,782.5510049628826,180,7406,3062.7596989013578,532.6180823715157,2.4304617877396706
2024-04-30,4604.632041963956,596.3930529649588,142,9591,3117.2307530613753,535.6141567170276,1.4805546866854342
2024-05-01,1181.7855213658315,750.7219171421889,241,7907,3121.7764511379137,540.1337484808917,3.0479322119640826
2024-05-02,2123.852758368921,547.861870882997,221,9800,3096.750124150994,550.4767183963235,2.2551020408163267
2024-05-03,4801.645936306235,397.12162659128546,230,2638,3215.9645519369574,552.6132161158708,8.718726307808947
2024-05-04,4561.055135563665,855.2818541393598,73,6671,3318.824000953336,554.7750481491463,1.0942887123369809
2024-05-05,2822.6270111428516,839.5327031751834,109,7928,3363.908068421151,573.8848404436491,1.3748738647830474
2024-05-06,3480.5303912061468,755.7571766835414,171,2382,3360.031041179214,576.3260234139966,7.178841309823677
2024-05-07,2109.524731924531,417.7161097839702,180,2403,3297.5425483413082,577.0405841486271,7.490636704119851
2024-05-08,1752.4846388950452,672.1845334952696,197,4292,3244.8428676248554,582.3988522240168,4.589934762348555
2024-05-09,2854.7936197599283,488.77911755202143,95,1419,3178.379648486914,584.3263231618655,6.694855532064834
2024-05-10,2413.4089121042116,273.2656586613073,64,5517,3175.5105349538935,577.2839060115106,1.1600507522204098
2024-05-11,3334.6244474034884,933.8508603697942,202,4302,3215.236405029762,582.5710438855903,4.695490469549047
2024-05-12,1310.9385478599393,309.4549047351691,271,8857,3109.787806199832,578.2962949601446,3.0597267697866095
2024-05-13,4897.579230664665,960.189883056642,255,8870,3209.8943354193934,588.5318339874487,2.874859075535513
2024-05-14,4944.842977918412,556.8046183663646,248,6693,3212.959429424592,587.7306438743516,3.7053638129388915
